event_id,disaster_type,location,latitude,longitude,date,severity_level,affected_population,estimated_economic_loss_usd,response_time_hours,aid_provided,infrastructure_damage_index,is_major_disaster
1,Volcanic Eruption,Japan,37.140389506526304,139.72514470133854,2023-05-16,7,34713.0,6272056.18,31.36,Yes,1.0,1
2,Wildfire,Chile,-34.681671693977535,-71.81952860234237,2025-08-27,8,31104.0,2768213.39,5.12,Yes,0.59,1
3,Volcanic Eruption,Italy,42.31605780312948,11.031446996113845,2023-01-15,7,34804.0,9222541.48,49.3,No,0.94,1
4,Drought,India,19.97527524829757,78.00455152430942,2023-07-12,7,33514.0,7279586.44,48.28,Yes,0.4,1
5,Wildfire,Indonesia,-2.4761398467185693,112.89464918920568,2023-11-19,9,49656.0,11532694.98,55.76,Yes,0.95,1
6,Wildfire,Chile,-34.681671693977535,-71.81952860234237,2025-08-27,8,31104.0,2768213.39,5.12,Yes,0.59,1
7,Drought,India,19.97527524829757,78.00455152430942,2023-07-12,7,33514.0,7279586.44,48.28,Yes,0.4,1
8,Wildfire,Indonesia,-2.4761398467185693,112.89464918920568,2023-11-19,9,49656.0,11532694.98,55.76,Yes,0.95,1
9,Volcanic Eruption,Italy,42.31605780312948,11.031446996113845,2023-01-15,7,,9222541.48,49.3,No,0.94,1
10,Hurricane,India,22.12856945830581,78.0239512281301,2023-05-29,5,29340.0,5996226.87,,No,0.26,0
11,Wildfire,Indonesia,-2.4761398467185693,112.89464918920568,2023-11-19,9,49656.0,11532694.98,55.76,Yes,0.95,1
12,Drought,India,19.97527524829757,78.00455152430942,2023-07-12,7,33514.0,7279586.44,48.28,Yes,0.4,1
13,Drought,USA,34.12535150628218,-96.17059503247803,2025-04-03,4,20776.0,5232644.17,64.62,Yes,0.64,0
14,Volcanic Eruption,Japan,37.140389506526304,139.72514470133854,2023-05-16,7,34713.0,6272056.18,31.36,Yes,1.0,1
15,Wildfire,Chile,-34.681671693977535,-71.81952860234237,2025-08-27,8,31104.0,2768213.39,5.12,Yes,0.59,1
16,Hurricane,India,22.12856945830581,78.0239512281301,2023-05-29,5,29340.0,5996226.87,44.43,No,0.26,0
17,Wildfire,Chile,-34.681671693977535,-71.81952860234237,2025-08-27,8,31104.0,2768213.39,5.12,Yes,0.59,1
18,Drought,Chile,-33.43625277687632,-69.98461473097,2024-02-08,8,31191.0,1827703.09,65.56,Yes,0.94,1
19,Drought,Chile,-33.43625277687632,-69.98461473097,2024-02-08,8,31191.0,1827703.09,65.56,Yes,0.94,1
20,Volcanic Eruption,Italy,42.31605780312948,11.031446996113845,2023-01-15,7,34804.0,9222541.48,49.3,No,0.94,1
21,Volcanic Eruption,Italy,42.31605780312948,11.031446996113845,2023-01-15,7,34804.0,9222541.48,49.3,No,0.94,1
22,Wildfire,Indonesia,-2.4761398467185693,112.89464918920568,2023-11-19,9,49656.0,11532694.98,55.76,Yes,0.95,1
23,Hurricane,India,22.12856945830581,78.0239512281301,2023-05-29,5,29340.0,5996226.87,44.43,No,0.26,0
24,Wildfire,Chile,-34.681671693977535,-71.81952860234237,2025-08-27,8,31104.0,2768213.39,5.12,Yes,0.59,1
25,Drought,USA,34.12535150628218,-96.17059503247803,2025-04-03,4,20776.0,5232644.17,64.62,Yes,0.64,0
26,Volcanic Eruption,Japan,37.140389506526304,139.72514470133854,2023-05-16,7,34713.0,6272056.18,31.36,Yes,1.0,1
27,Wildfire,Indonesia,-2.4761398467185693,112.89464918920568,2023-11-19,9,,11532694.98,55.76,Yes,0.95,1
28,Drought,Chile,-33.43625277687632,-69.98461473097,2024-02-08,8,31191.0,1827703.09,65.56,Yes,0.94,1
29,Volcanic Eruption,Turkey,39.40097663210773,37.00682207789722,2023-12-23,8,46284.0,13435921.49,60.96,No,0.92,1
30,Volcanic Eruption,Italy,42.31605780312948,11.031446996113845,2023-01-15,7,34804.0,9222541.48,49.3,No,0.94,1
31,Wildfire,Chile,-34.681671693977535,-71.81952860234237,2025-08-27,8,31104.0,2768213.39,5.12,Yes,0.59,1
32,Wildfire,Indonesia,-2.4761398467185693,112.89464918920568,2023-11-19,9,49656.0,11532694.98,55.76,Yes,0.95,1
33,Drought,India,19.97527524829757,78.00455152430942,2023-07-12,7,33514.0,7279586.44,48.28,Yes,0.4,1
34,Drought,India,19.97527524829757,78.00455152430942,2023-07-12,7,33514.0,7279586.44,48.28,Yes,0.4,1
35,Volcanic Eruption,Italy,42.31605780312948,11.031446996113845,2023-01-15,7,34804.0,9222541.48,49.3,No,0.94,1
36,Drought,Chile,-33.43625277687632,-69.98461473097,2024-02-08,8,31191.0,1827703.09,65.56,Yes,0.94,1
37,Volcanic Eruption,Turkey,39.40097663210773,37.00682207789722,2023-12-23,8,46284.0,13435921.49,60.96,No,0.92,1
38,Wildfire,Indonesia,-2.4761398467185693,112.89464918920568,2023-11-19,9,49656.0,11532694.98,55.76,Yes,0.95,1
39,Volcanic Eruption,Italy,42.31605780312948,11.031446996113845,2023-01-15,7,34804.0,9222541.48,49.3,No,0.94,1
40,Drought,Chile,-33.43625277687632,-69.98461473097,2024-02-08,8,,1827703.09,65.56,Yes,0.94,1
41,Tsunami,Chile,-33.43625277687632,-69.98461473097,2024-02-08,8,31191.0,1827703.09,65.56,Yes,0.94,1
42,Hurricane,Turkey,41.04868323467885,34.17446709265299,2025-10-24,4,8039.0,2296849.96,43.52,No,0.53,0
43,Wildfire,Indonesia,-2.4761398467185693,112.89464918920568,2023-11-19,9,49656.0,11532694.98,55.76,Yes,0.95,1
44,Drought,Chile,-33.43625277687632,-69.98461473097,2024-02-08,8,31191.0,1827703.09,65.56,Yes,0.94,1
45,Hurricane,Turkey,41.04868323467885,34.17446709265299,2025-10-24,4,8039.0,2296849.96,43.52,No,0.53,0
46,Drought,USA,34.12535150628218,-96.17059503247803,2025-04-03,4,20776.0,5232644.17,64.62,Yes,0.64,0
47,Volcanic Eruption,Italy,42.31605780312948,11.031446996113845,2023-01-15,7,34804.0,9222541.48,49.3,No,0.94,1
48,Wildfire,Indonesia,-2.4761398467185693,112.89464918920568,2023-11-19,9,49656.0,11532694.98,55.76,Yes,0.95,1
49,Drought,USA,34.12535150628218,-96.17059503247803,2025-04-03,4,20776.0,5232644.17,64.62,Yes,0.64,0
50,Wildfire,Indonesia,-2.4761398467185693,112.89464918920568,2023-11-19,9,49656.0,11532694.98,55.76,Yes,0.95,1
51,Drought,Chile,-33.43625277687632,-69.98461473097,2024-02-08,8,31191.0,1827703.09,65.56,Yes,0.94,1
52,Drought,USA,34.12535150628218,-96.17059503247803,2025-04-03,4,20776.0,5232644.17,64.62,Yes,0.64,0
53,Volcanic Eruption,Turkey,39.40097663210773,37.00682207789722,2023-12-23,8,46284.0,13435921.49,60.96,No,0.92,1
54,Drought,India,19.97527524829757,78.00455152430942,2023-07-12,7,33514.0,7279586.44,48.28,Yes,0.4,1
55,Volcanic Eruption,Italy,42.31605780312948,11.031446996113845,2023-01-15,7,34804.0,9222541.48,49.3,No,0.94,1
56,Hurricane,India,22.12856945830581,78.0239512281301,2023-05-29,5,29340.0,5996226.87,44.43,No,0.26,0
57,Hurricane,India,22.12856945830581,78.0239512281301,2023-05-29,5,29340.0,5996226.87,44.43,No,0.26,0
58,Volcanic Eruption,Italy,42.31605780312948,11.031446996113845,2023-01-15,7,34804.0,9222541.48,49.3,No,0.94,1
59,Volcanic Eruption,Turkey,39.40097663210773,37.00682207789722,2023-12-23,8,46284.0,13435921.49,60.96,No,0.92,1
60,Wildfire,Chile,-34.681671693977535,-71.81952860234237,2025-08-27,8,31104.0,2768213.39,5.12,Yes,0.59,1
61,Hurricane,India,22.12856945830581,78.0239512281301,2023-05-29,5,29340.0,5996226.87,44.43,No,0.26,0
62,Drought,USA,34.12535150628218,-96.17059503247803,2025-04-03,4,20776.0,5232644.17,64.62,Yes,0.64,0
63,Wildfire,Indonesia,-2.4761398467185693,112.89464918920568,2023-11-19,9,49656.0,11532694.98,55.76,Yes,0.95,1
64,Drought,Chile,-33.43625277687632,-69.98461473097,2024-02-08,8,31191.0,1827703.09,65.56,Yes,0.94,1
65,Hurricane,India,22.12856945830581,78.0239512281301,2023-05-29,5,29340.0,5996226.87,44.43,No,0.26,0
66,Tsunami,Chile,-34.681671693977535,-71.81952860234237,2025-08-27,8,31104.0,2768213.39,5.12,Yes,0.59,1
67,Hurricane,India,22.12856945830581,78.0239512281301,2023-05-29,5,29340.0,5996226.87,44.43,No,0.26,0
68,Drought,India,19.97527524829757,78.00455152430942,2023-07-12,7,33514.0,7279586.44,48.28,Yes,0.4,1
69,Hurricane,Turkey,41.04868323467885,34.17446709265299,2025-10-24,4,8039.0,2296849.96,43.52,No,0.53,0
70,Volcanic Eruption,Turkey,39.40097663210773,37.00682207789722,2023-12-23,8,46284.0,13435921.49,60.96,No,0.92,1
71,Drought,USA,34.12535150628218,-96.17059503247803,2025-04-03,4,20776.0,5232644.17,,Yes,0.64,0
72,Hurricane,Turkey,41.04868323467885,34.17446709265299,2025-10-24,4,8039.0,2296849.96,43.52,No,0.53,0
73,Drought,India,19.97527524829757,78.00455152430942,2023-07-12,7,33514.0,7279586.44,48.28,Yes,0.4,1
74,Hurricane,India,22.12856945830581,78.0239512281301,2023-05-29,5,29340.0,5996226.87,44.43,No,0.26,0
75,Hurricane,Turkey,41.04868323467885,34.17446709265299,2025-10-24,4,8039.0,2296849.96,43.52,No,0.53,0
76,Volcanic Eruption,Japan,37.140389506526304,139.72514470133854,2023-05-16,7,34713.0,6272056.18,31.36,Yes,1.0,1
77,Hurricane,Turkey,41.04868323467885,34.17446709265299,2025-10-24,4,8039.0,,43.52,No,0.53,0
78,Drought,Chile,-33.43625277687632,-69.98461473097,2024-02-08,8,31191.0,1827703.09,65.56,Yes,0.94,1
79,Drought,USA,34.12535150628218,-96.17059503247803,2025-04-03,4,20776.0,5232644.17,64.62,Yes,0.64,0
80,Wildfire,Indonesia,-2.4761398467185693,112.89464918920568,2023-11-19,9,49656.0,11532694.98,55.76,Yes,0.95,1
81,Hurricane,India,22.12856945830581,78.0239512281301,2023-05-29,5,29340.0,5996226.87,44.43,No,0.26,0
82,Volcanic Eruption,Turkey,39.40097663210773,37.00682207789722,2023-12-23,8,46284.0,13435921.49,60.96,No,0.92,1
83,Drought,India,19.97527524829757,78.00455152430942,2023-07-12,7,33514.0,7279586.44,48.28,Yes,0.4,1
84,Hurricane,Turkey,41.04868323467885,34.17446709265299,2025-10-24,4,8039.0,2296849.96,43.52,No,0.53,0
85,Wildfire,Chile,-34.681671693977535,-71.81952860234237,2025-08-27,8,31104.0,2768213.39,5.12,Yes,0.59,1
86,Wildfire,Chile,-34.681671693977535,-71.81952860234237,2025-08-27,8,31104.0,2768213.39,5.12,Yes,0.59,1
87,Volcanic Eruption,Italy,42.31605780312948,11.031446996113845,2023-01-15,7,34804.0,9222541.48,49.3,No,0.94,1
88,Hurricane,Turkey,41.04868323467885,34.17446709265299,2025-10-24,4,8039.0,2296849.96,43.52,No,0.53,0
89,Volcanic Eruption,Japan,37.140389506526304,139.72514470133854,2023-05-16,7,34713.0,6272056.18,31.36,Yes,1.0,1
90,Volcanic Eruption,Italy,42.31605780312948,11.031446996113845,2023-01-15,7,34804.0,9222541.48,49.3,No,0.94,1
91,Wildfire,Indonesia,-2.4761398467185693,112.89464918920568,2023-11-19,9,49656.0,11532694.98,55.76,Yes,0.95,1
92,Wildfire,Indonesia,-2.4761398467185693,112.89464918920568,2023-11-19,9,49656.0,11532694.98,55.76,Yes,0.95,1
93,Volcanic Eruption,Italy,42.31605780312948,11.031446996113845,2023-01-15,7,34804.0,9222541.48,49.3,No,0.94,1
94,Volcanic Eruption,Italy,42.31605780312948,11.031446996113845,2023-01-15,7,34804.0,9222541.48,,No,0.94,1
95,Volcanic Eruption,Japan,37.140389506526304,139.72514470133854,2023-05-16,7,34713.0,6272056.18,31.36,Yes,1.0,1
96,Drought,India,19.97527524829757,78.00455152430942,2023-07-12,7,33514.0,7279586.44,48.28,Yes,0.4,1
97,Wildfire,Indonesia,-2.4761398467185693,112.89464918920568,2023-11-19,9,49656.0,11532694.98,55.76,Yes,0.95,1
98,Drought,Chile,-33.43625277687632,-69.98461473097,2024-02-08,8,31191.0,1827703.09,65.56,Yes,0.94,1
99,Volcanic Eruption,Japan,37.140389506526304,139.72514470133854,2023-05-16,7,34713.0,6272056.18,31.36,Yes,1.0,1
100,Wildfire,Chile,-34.681671693977535,-71.81952860234237,2025-08-27,8,31104.0,2768213.39,5.12,Yes,0.59,1
101,Hurricane,India,22.12856945830581,78.0239512281301,2023-05-29,5,29340.0,5996226.87,,No,0.26,0
102,Volcanic Eruption,Japan,37.140389506526304,139.72514470133854,2023-05-16,7,34713.0,6272056.18,31.36,Yes,1.0,1
103,Wildfire,Chile,-34.681671693977535,-71.81952860234237,2025-08-27,8,31104.0,2768213.39,5.12,Yes,0.59,1
104,Volcanic Eruption,Italy,42.31605780312948,11.031446996113845,2023-01-15,7,34804.0,9222541.48,49.3,No,0.94,1
105,Hurricane,Turkey,41.04868323467885,34.17446709265299,2025-10-24,4,8039.0,2296849.96,43.52,No,0.53,0
106,Drought,Chile,-33.43625277687632,-69.98461473097,2024-02-08,8,31191.0,1827703.09,65.56,Yes,0.94,1
107,Wildfire,Chile,-34.681671693977535,-71.81952860234237,2025-08-27,8,31104.0,2768213.39,5.12,Yes,0.59,1
108,Volcanic Eruption,Turkey,39.40097663210773,37.00682207789722,2023-12-23,8,46284.0,13435921.49,60.96,No,0.92,1
109,Volcanic Eruption,Italy,42.31605780312948,11.031446996113845,2023-01-15,7,34804.0,9222541.48,49.3,No,0.94,1
110,Volcanic Eruption,Turkey,39.40097663210773,37.00682207789722,2023-12-23,8,46284.0,13435921.49,60.96,No,0.92,1
111,Drought,India,19.97527524829757,78.00455152430942,2023-07-12,7,33514.0,7279586.44,48.28,Yes,0.4,1
112,Volcanic Eruption,Italy,42.31605780312948,11.031446996113845,2023-01-15,7,34804.0,9222541.48,49.3,No,0.94,1
113,Hurricane,India,22.12856945830581,78.0239512281301,2023-05-29,5,29340.0,5996226.87,44.43,No,0.26,0
114,Volcanic Eruption,Japan,37.140389506526304,139.72514470133854,2023-05-16,7,34713.0,6272056.18,31.36,Yes,1.0,1
115,Volcanic Eruption,Italy,42.31605780312948,11.031446996113845,2023-01-15,7,34804.0,9222541.48,49.3,No,0.94,1
116,Volcanic Eruption,Japan,37.140389506526304,139.72514470133854,2023-05-16,7,34713.0,6272056.18,31.36,Yes,1.0,1
117,Volcanic Eruption,Japan,37.140389506526304,139.72514470133854,2023-05-16,7,34713.0,6272056.18,31.36,Yes,1.0,1
118,Drought,India,19.97527524829757,78.00455152430942,2023-07-12,7,33514.0,7279586.44,48.28,Yes,0.4,1
119,Volcanic Eruption,Turkey,39.40097663210773,37.00682207789722,2023-12-23,8,46284.0,13435921.49,60.96,No,0.92,1
120,Volcanic Eruption,Japan,37.140389506526304,139.72514470133854,2023-05-16,7,34713.0,6272056.18,31.36,Yes,1.0,1
121,Hurricane,India,22.12856945830581,78.0239512281301,2023-05-29,5,29340.0,5996226.87,44.43,No,0.26,0
122,Drought,USA,34.12535150628218,-96.17059503247803,2025-04-03,4,20776.0,5232644.17,64.62,Yes,0.64,0
123,Wildfire,Chile,-34.681671693977535,-71.81952860234237,2025-08-27,8,,2768213.39,5.12,Yes,0.59,1
124,Flood,Turkey,39.40097663210773,37.00682207789722,2023-12-23,8,46284.0,13435921.49,60.96,No,0.92,1
125,Wildfire,Chile,-34.681671693977535,-71.81952860234237,2025-08-27,8,31104.0,2768213.39,5.12,Yes,0.59,1
126,Wildfire,Chile,-34.681671693977535,-71.81952860234237,2025-08-27,8,31104.0,2768213.39,5.12,Yes,0.59,1
127,Wildfire,Indonesia,-2.4761398467185693,112.89464918920568,2023-11-19,9,49656.0,11532694.98,55.76,Yes,0.95,1
128,Drought,India,19.97527524829757,78.00455152430942,2023-07-12,7,33514.0,7279586.44,48.28,Yes,0.4,1
129,Volcanic Eruption,Turkey,39.40097663210773,37.00682207789722,2023-12-23,8,46284.0,13435921.49,60.96,No,0.92,1
130,Wildfire,Chile,-34.681671693977535,-71.81952860234237,2025-08-27,8,31104.0,2768213.39,5.12,Yes,0.59,1
131,Hurricane,Brazil,22.12856945830581,78.0239512281301,2023-05-29,5,29340.0,5996226.87,44.43,No,0.26,0
132,Hurricane,Turkey,41.04868323467885,34.17446709265299,2025-10-24,4,8039.0,2296849.96,43.52,No,0.53,0
133,Hurricane,India,22.12856945830581,78.0239512281301,2023-05-29,5,29340.0,5996226.87,44.43,No,0.26,0
134,Drought,USA,34.12535150628218,-96.17059503247803,2025-04-03,4,20776.0,5232644.17,64.62,Yes,0.64,0
135,Volcanic Eruption,Japan,37.140389506526304,139.72514470133854,2023-05-16,7,34713.0,6272056.18,31.36,Yes,1.0,1
136,Hurricane,India,22.12856945830581,78.0239512281301,2023-05-29,5,29340.0,5996226.87,44.43,No,0.26,0
137,Volcanic Eruption,Japan,37.140389506526304,139.72514470133854,2023-05-16,7,34713.0,,31.36,Yes,1.0,1
138,Volcanic Eruption,Italy,42.31605780312948,11.031446996113845,2023-01-15,7,34804.0,9222541.48,49.3,No,0.94,1
139,Wildfire,Chile,-34.681671693977535,-71.81952860234237,2025-08-27,8,31104.0,2768213.39,5.12,Yes,0.59,1
140,Drought,India,19.97527524829757,78.00455152430942,2023-07-12,7,33514.0,7279586.44,48.28,Yes,0.4,1
141,Wildfire,Indonesia,-2.4761398467185693,112.89464918920568,2023-11-19,9,49656.0,11532694.98,55.76,Yes,0.95,1
142,Volcanic Eruption,Italy,42.31605780312948,11.031446996113845,2023-01-15,7,34804.0,9222541.48,49.3,No,0.94,1
143,Volcanic Eruption,Italy,42.31605780312948,11.031446996113845,2023-01-15,7,34804.0,9222541.48,49.3,No,0.94,1
144,Volcanic Eruption,Japan,37.140389506526304,139.72514470133854,2023-05-16,7,34713.0,6272056.18,31.36,Yes,1.0,1
145,Drought,USA,34.12535150628218,-96.17059503247803,2025-04-03,4,20776.0,5232644.17,64.62,Yes,0.64,0
146,Volcanic Eruption,Turkey,39.40097663210773,37.00682207789722,2023-12-23,8,46284.0,13435921.49,60.96,No,0.92,1
147,Volcanic Eruption,Turkey,39.40097663210773,37.00682207789722,2023-12-23,8,46284.0,13435921.49,60.96,No,0.92,1
148,Volcanic Eruption,Italy,42.31605780312948,11.031446996113845,2023-01-15,7,34804.0,9222541.48,49.3,No,0.94,1
149,Volcanic Eruption,Turkey,39.40097663210773,37.00682207789722,2023-12-23,8,46284.0,13435921.49,60.96,No,0.92,1
150,Volcanic Eruption,Italy,42.31605780312948,11.031446996113845,2023-01-15,7,34804.0,9222541.48,49.3,No,0.94,1
151,Hurricane,Turkey,41.04868323467885,34.17446709265299,2025-10-24,4,8039.0,2296849.96,43.52,No,0.53,0
152,Drought,Chile,-33.43625277687632,-69.98461473097,2024-02-08,8,31191.0,1827703.09,65.56,Yes,0.94,1
153,Drought,USA,34.12535150628218,-96.17059503247803,2025-04-03,4,20776.0,5232644.17,64.62,Yes,0.64,0
154,Wildfire,Chile,-34.681671693977535,-71.81952860234237,2025-08-27,8,31104.0,2768213.39,5.12,Yes,0.59,1
155,Wildfire,Indonesia,-2.4761398467185693,112.89464918920568,2023-11-19,9,49656.0,11532694.98,55.76,Yes,0.95,1
156,Tsunami,Italy,42.31605780312948,11.031446996113845,2023-01-15,7,34804.0,9222541.48,49.3,No,0.94,1
157,Wildfire,Chile,-34.681671693977535,-71.81952860234237,2025-08-27,8,31104.0,2768213.39,5.12,Yes,0.59,1
158,Drought,USA,34.12535150628218,-96.17059503247803,2025-04-03,4,20776.0,5232644.17,64.62,Yes,0.64,0
159,Wildfire,Chile,-34.681671693977535,-71.81952860234237,2025-08-27,8,31104.0,2768213.39,5.12,Yes,0.59,1
160,Volcanic Eruption,Japan,37.140389506526304,139.72514470133854,2023-05-16,7,34713.0,6272056.18,31.36,Yes,1.0,1
161,Wildfire,Indonesia,-2.4761398467185693,112.89464918920568,2023-11-19,9,49656.0,11532694.98,55.76,Yes,0.95,1
162,Drought,Germany,-33.43625277687632,-69.98461473097,2024-02-08,8,31191.0,1827703.09,65.56,Yes,0.94,1
163,Volcanic Eruption,Turkey,39.40097663210773,37.00682207789722,2023-12-23,8,46284.0,13435921.49,60.96,No,0.92,1
164,Hurricane,France,41.04868323467885,34.17446709265299,2025-10-24,4,8039.0,2296849.96,43.52,No,0.53,0
165,Volcanic Eruption,Japan,37.140389506526304,139.72514470133854,2023-05-16,7,34713.0,6272056.18,31.36,Yes,1.0,1
166,Hurricane,India,22.12856945830581,78.0239512281301,2023-05-29,5,29340.0,5996226.87,44.43,No,0.26,0
167,Volcanic Eruption,Italy,42.31605780312948,11.031446996113845,2023-01-15,7,34804.0,9222541.48,49.3,No,0.94,1
168,Drought,Chile,-33.43625277687632,-69.98461473097,2024-02-08,8,31191.0,1827703.09,65.56,Yes,0.94,1
169,Wildfire,Indonesia,-2.4761398467185693,112.89464918920568,2023-11-19,9,49656.0,11532694.98,55.76,Yes,0.95,1
170,Volcanic Eruption,Turkey,39.40097663210773,37.00682207789722,2023-12-23,8,46284.0,13435921.49,60.96,No,0.92,1
171,Hurricane,Turkey,41.04868323467885,34.17446709265299,2025-10-24,4,8039.0,2296849.96,43.52,No,0.53,0
172,Hurricane,India,22.12856945830581,78.0239512281301,2023-05-29,5,29340.0,5996226.87,44.43,No,0.26,0
173,Drought,USA,34.12535150628218,-96.17059503247803,2025-04-03,4,20776.0,5232644.17,,Yes,0.64,0
174,Drought,Chile,-33.43625277687632,-69.98461473097,2024-02-08,8,31191.0,1827703.09,65.56,Yes,0.94,1
175,Drought,India,19.97527524829757,78.00455152430942,2023-07-12,7,33514.0,7279586.44,48.28,Yes,0.4,1
176,Heatwave,Chile,-33.43625277687632,-69.98461473097,2024-02-08,8,31191.0,1827703.09,65.56,Yes,0.94,1
177,Drought,India,19.97527524829757,78.00455152430942,2023-07-12,7,,7279586.44,48.28,Yes,0.4,1
178,Wildfire,Chile,-34.681671693977535,-71.81952860234237,2025-08-27,8,31104.0,2768213.39,5.12,Yes,0.59,1
179,Hurricane,Turkey,41.04868323467885,34.17446709265299,2025-10-24,4,8039.0,2296849.96,43.52,No,0.53,0
180,Volcanic Eruption,Japan,37.140389506526304,139.72514470133854,2023-05-16,7,34713.0,6272056.18,31.36,Yes,1.0,1
181,Hurricane,Turkey,41.04868323467885,34.17446709265299,2025-10-24,4,8039.0,2296849.96,43.52,No,0.53,0
182,Drought,USA,34.12535150628218,-96.17059503247803,2025-04-03,4,20776.0,5232644.17,64.62,Yes,0.64,0
183,Wildfire,Indonesia,-2.4761398467185693,112.89464918920568,2023-11-19,9,49656.0,11532694.98,55.76,Yes,0.95,1
184,Hurricane,India,22.12856945830581,78.0239512281301,2023-05-29,5,29340.0,5996226.87,44.43,No,0.26,0
185,Volcanic Eruption,Turkey,39.40097663210773,37.00682207789722,2023-12-23,8,46284.0,13435921.49,60.96,No,0.92,1
186,Hurricane,India,22.12856945830581,78.0239512281301,2023-05-29,5,29340.0,5996226.87,44.43,No,0.26,0
187,Volcanic Eruption,Japan,37.140389506526304,139.72514470133854,2023-05-16,7,34713.0,6272056.18,31.36,Yes,1.0,1
188,Hurricane,Turkey,41.04868323467885,34.17446709265299,2025-10-24,4,8039.0,2296849.96,43.52,No,0.53,0
189,Volcanic Eruption,Italy,42.31605780312948,11.031446996113845,2023-01-15,7,34804.0,9222541.48,49.3,No,0.94,1
190,Flood,Chile,-33.43625277687632,-69.98461473097,2024-02-08,8,31191.0,1827703.09,65.56,Yes,0.94,1
191,Flood,Italy,42.31605780312948,11.031446996113845,2023-01-15,7,34804.0,9222541.48,49.3,No,0.94,1
192,Volcanic Eruption,Japan,37.140389506526304,139.72514470133854,2023-05-16,7,34713.0,6272056.18,31.36,Yes,1.0,1
193,Volcanic Eruption,Turkey,39.40097663210773,37.00682207789722,2023-12-23,8,46284.0,13435921.49,60.96,No,0.92,1
194,Drought,India,19.97527524829757,78.00455152430942,2023-07-12,7,33514.0,7279586.44,48.28,Yes,0.4,1
195,Hurricane,Turkey,41.04868323467885,34.17446709265299,2025-10-24,4,8039.0,2296849.96,43.52,No,0.53,0
196,Volcanic Eruption,Brazil,39.40097663210773,37.00682207789722,2023-12-23,8,46284.0,13435921.49,60.96,No,0.92,1
197,Drought,India,19.97527524829757,78.00455152430942,2023-07-12,7,33514.0,7279586.44,48.28,Yes,0.4,1
198,Drought,USA,34.12535150628218,-96.17059503247803,2025-04-03,4,20776.0,5232644.17,64.62,Yes,0.64,0
199,Wildfire,Indonesia,-2.4761398467185693,112.89464918920568,2023-11-19,9,49656.0,11532694.98,55.76,Yes,0.95,1
200,Hurricane,Turkey,41.04868323467885,34.17446709265299,2025-10-24,4,8039.0,2296849.96,43.52,No,0.53,0
201,Heatwave,India,19.97527524829757,78.00455152430942,2023-07-12,7,33514.0,7279586.44,48.28,Yes,0.4,1
202,Volcanic Eruption,Italy,42.31605780312948,11.031446996113845,2023-01-15,7,34804.0,9222541.48,49.3,No,0.94,1
203,Drought,Chile,-33.43625277687632,-69.98461473097,2024-02-08,8,31191.0,1827703.09,65.56,Yes,0.94,1
204,Hurricane,India,22.12856945830581,78.0239512281301,2023-05-29,5,29340.0,5996226.87,44.43,No,0.26,0
205,Hurricane,Turkey,41.04868323467885,34.17446709265299,2025-10-24,4,8039.0,2296849.96,43.52,No,0.53,0
206,Drought,Chile,-33.43625277687632,-69.98461473097,2024-02-08,8,31191.0,1827703.09,65.56,Yes,0.94,1
207,Wildfire,Chile,-34.681671693977535,-71.81952860234237,2025-08-27,8,,2768213.39,5.12,Yes,0.59,1
208,Volcanic Eruption,Japan,37.140389506526304,139.72514470133854,2023-05-16,7,34713.0,6272056.18,31.36,Yes,1.0,1
209,Drought,USA,34.12535150628218,-96.17059503247803,2025-04-03,4,20776.0,5232644.17,64.62,Yes,0.64,0
210,Tsunami,India,19.97527524829757,78.00455152430942,2023-07-12,7,,7279586.44,48.28,Yes,0.4,1
211,Hurricane,India,22.12856945830581,78.0239512281301,2023-05-29,5,29340.0,5996226.87,44.43,No,0.26,0
212,Drought,Chile,-33.43625277687632,-69.98461473097,2024-02-08,8,31191.0,1827703.09,65.56,Yes,0.94,1
213,Hurricane,Turkey,41.04868323467885,34.17446709265299,2025-10-24,4,8039.0,2296849.96,43.52,No,0.53,0
214,Wildfire,Chile,-34.681671693977535,-71.81952860234237,2025-08-27,8,31104.0,2768213.39,5.12,Yes,0.59,1
215,Drought,India,19.97527524829757,78.00455152430942,2023-07-12,7,33514.0,7279586.44,48.28,Yes,0.4,1
216,Volcanic Eruption,Turkey,39.40097663210773,37.00682207789722,2023-12-23,8,46284.0,13435921.49,60.96,No,0.92,1
217,Wildfire,Chile,-34.681671693977535,-71.81952860234237,2025-08-27,8,31104.0,2768213.39,5.12,Yes,0.59,1
218,Volcanic Eruption,Turkey,39.40097663210773,37.00682207789722,2023-12-23,8,46284.0,13435921.49,60.96,No,0.92,1
219,Hurricane,India,22.12856945830581,78.0239512281301,2023-05-29,5,29340.0,5996226.87,44.43,No,0.26,0
220,Hurricane,Brazil,41.04868323467885,34.17446709265299,2025-10-24,4,8039.0,2296849.96,43.52,No,0.53,0
221,Volcanic Eruption,Turkey,39.40097663210773,37.00682207789722,2023-12-23,8,46284.0,13435921.49,60.96,No,0.92,1
222,Volcanic Eruption,Turkey,39.40097663210773,37.00682207789722,2023-12-23,8,46284.0,13435921.49,60.96,No,0.92,1
223,Hurricane,India,22.12856945830581,78.0239512281301,2023-05-29,5,29340.0,5996226.87,44.43,No,0.26,0
224,Volcanic Eruption,Japan,37.140389506526304,139.72514470133854,2023-05-16,7,34713.0,6272056.18,31.36,Yes,1.0,1
225,Volcanic Eruption,Japan,37.140389506526304,139.72514470133854,2023-05-16,7,34713.0,6272056.18,31.36,Yes,1.0,1
226,Volcanic Eruption,Japan,37.140389506526304,139.72514470133854,2023-05-16,7,34713.0,6272056.18,31.36,Yes,1.0,1
227,Flood,France,41.04868323467885,34.17446709265299,2025-10-24,4,8039.0,2296849.96,43.52,No,0.53,0
228,Wildfire,Indonesia,-2.4761398467185693,112.89464918920568,2023-11-19,9,49656.0,11532694.98,55.76,Yes,0.95,1
229,Drought,India,19.97527524829757,78.00455152430942,2023-07-12,7,33514.0,7279586.44,48.28,Yes,0.4,1
230,Hurricane,India,22.12856945830581,78.0239512281301,2023-05-29,5,29340.0,5996226.87,44.43,No,0.26,0
231,Volcanic Eruption,Japan,37.140389506526304,139.72514470133854,2023-05-16,7,34713.0,6272056.18,31.36,Yes,1.0,1
232,Wildfire,Indonesia,-2.4761398467185693,112.89464918920568,2023-11-19,9,49656.0,11532694.98,55.76,Yes,0.95,1
233,Drought,India,19.97527524829757,78.00455152430942,2023-07-12,7,33514.0,7279586.44,48.28,Yes,0.4,1
234,Volcanic Eruption,Turkey,39.40097663210773,37.00682207789722,2023-12-23,8,46284.0,13435921.49,60.96,No,0.92,1
235,Drought,Chile,-33.43625277687632,-69.98461473097,2024-02-08,8,31191.0,1827703.09,65.56,Yes,0.94,1
236,Hurricane,India,22.12856945830581,78.0239512281301,2023-05-29,5,29340.0,5996226.87,44.43,No,0.26,0
237,Volcanic Eruption,Japan,37.140389506526304,139.72514470133854,2023-05-16,7,34713.0,6272056.18,31.36,Yes,1.0,1
238,Wildfire,Chile,-34.681671693977535,-71.81952860234237,2025-08-27,8,31104.0,2768213.39,5.12,Yes,0.59,1
239,Wildfire,Indonesia,-2.4761398467185693,112.89464918920568,2023-11-19,9,49656.0,11532694.98,55.76,Yes,0.95,1
240,Volcanic Eruption,Japan,37.140389506526304,139.72514470133854,2023-05-16,7,34713.0,6272056.18,31.36,Yes,1.0,1
241,Drought,USA,34.12535150628218,-96.17059503247803,2025-04-03,4,20776.0,5232644.17,64.62,Yes,0.64,0
242,Drought,Chile,-33.43625277687632,-69.98461473097,2024-02-08,8,31191.0,1827703.09,65.56,Yes,0.94,1
243,Drought,Chile,-33.43625277687632,-69.98461473097,2024-02-08,8,31191.0,1827703.09,65.56,Yes,0.94,1
244,Drought,USA,34.12535150628218,-96.17059503247803,2025-04-03,4,20776.0,5232644.17,64.62,Yes,0.64,0
245,Volcanic Eruption,Japan,37.140389506526304,139.72514470133854,2023-05-16,7,34713.0,6272056.18,31.36,Yes,1.0,1
246,Wildfire,Chile,-34.681671693977535,-71.81952860234237,2025-08-27,8,31104.0,2768213.39,5.12,Yes,0.59,1
247,Drought,Australia,19.97527524829757,78.00455152430942,2023-07-12,7,33514.0,7279586.44,48.28,Yes,0.4,1
248,Drought,Chile,-33.43625277687632,-69.98461473097,2024-02-08,8,31191.0,1827703.09,65.56,Yes,0.94,1
249,Wildfire,Indonesia,-2.4761398467185693,112.89464918920568,2023-11-19,9,49656.0,11532694.98,55.76,Yes,0.95,1
250,Volcanic Eruption,Italy,42.31605780312948,11.031446996113845,2023-01-15,7,34804.0,9222541.48,49.3,No,0.94,1
251,Tsunami,Japan,37.140389506526304,139.72514470133854,2023-05-16,7,34713.0,6272056.18,31.36,Yes,1.0,1
252,Drought,Chile,-33.43625277687632,-69.98461473097,2024-02-08,8,31191.0,1827703.09,65.56,Yes,0.94,1
253,Volcanic Eruption,Japan,37.140389506526304,139.72514470133854,2023-05-16,7,34713.0,6272056.18,31.36,Yes,1.0,1
254,Wildfire,Indonesia,-2.4761398467185693,112.89464918920568,2023-11-19,9,49656.0,11532694.98,55.76,Yes,0.95,1
255,Volcanic Eruption,Turkey,39.40097663210773,37.00682207789722,2023-12-23,8,46284.0,13435921.49,60.96,No,0.92,1
256,Wildfire,Chile,-34.681671693977535,-71.81952860234237,2025-08-27,8,31104.0,2768213.39,5.12,Yes,0.59,1
257,Volcanic Eruption,Japan,37.140389506526304,139.72514470133854,2023-05-16,7,34713.0,6272056.18,31.36,Yes,1.0,1
258,Volcanic Eruption,Japan,37.140389506526304,139.72514470133854,2023-05-16,7,34713.0,6272056.18,31.36,Yes,1.0,1
259,Drought,Chile,-33.43625277687632,-69.98461473097,2024-02-08,8,31191.0,1827703.09,65.56,Yes,0.94,1
260,Hurricane,Turkey,41.04868323467885,34.17446709265299,2025-10-24,4,8039.0,2296849.96,43.52,No,0.53,0
261,Drought,Chile,-33.43625277687632,-69.98461473097,2024-02-08,8,31191.0,1827703.09,65.56,Yes,0.94,1
262,Volcanic Eruption,Turkey,39.40097663210773,37.00682207789722,2023-12-23,8,46284.0,13435921.49,60.96,No,0.92,1
263,Volcanic Eruption,Italy,42.31605780312948,11.031446996113845,2023-01-15,7,34804.0,9222541.48,49.3,No,0.94,1
264,Wildfire,Chile,-34.681671693977535,-71.81952860234237,2025-08-27,8,31104.0,2768213.39,5.12,Yes,0.59,1
265,Drought,Germany,19.97527524829757,78.00455152430942,2023-07-12,7,33514.0,7279586.44,,Yes,0.4,1
266,Wildfire,Indonesia,-2.4761398467185693,112.89464918920568,2023-11-19,9,49656.0,11532694.98,55.76,Yes,0.95,1
267,Hurricane,Turkey,41.04868323467885,34.17446709265299,2025-10-24,4,8039.0,2296849.96,43.52,No,0.53,0
268,Volcanic Eruption,Japan,37.140389506526304,139.72514470133854,2023-05-16,7,34713.0,6272056.18,31.36,Yes,1.0,1
269,Drought,Chile,-33.43625277687632,-69.98461473097,2024-02-08,8,31191.0,1827703.09,65.56,Yes,0.94,1
270,Wildfire,Chile,-34.681671693977535,-71.81952860234237,2025-08-27,8,31104.0,2768213.39,5.12,Yes,0.59,1
271,Wildfire,Indonesia,-2.4761398467185693,112.89464918920568,2023-11-19,9,49656.0,11532694.98,55.76,Yes,0.95,1
272,Earthquake,Indonesia,-2.4761398467185693,112.89464918920568,2023-11-19,9,49656.0,11532694.98,55.76,Yes,0.95,1
273,Drought,India,19.97527524829757,78.00455152430942,2023-07-12,7,33514.0,7279586.44,48.28,Yes,0.4,1
274,Volcanic Eruption,Turkey,39.40097663210773,37.00682207789722,2023-12-23,8,46284.0,13435921.49,60.96,No,0.92,1
275,Hurricane,Turkey,41.04868323467885,34.17446709265299,2025-10-24,4,8039.0,2296849.96,43.52,No,0.53,0
276,Drought,India,19.97527524829757,78.00455152430942,2023-07-12,7,33514.0,7279586.44,48.28,Yes,0.4,1
277,Heatwave,Japan,37.140389506526304,139.72514470133854,2023-05-16,7,34713.0,6272056.18,31.36,Yes,1.0,1
278,Wildfire,Indonesia,-2.4761398467185693,112.89464918920568,2023-11-19,9,49656.0,11532694.98,55.76,Yes,0.95,1
279,Volcanic Eruption,Turkey,39.40097663210773,37.00682207789722,2023-12-23,8,46284.0,13435921.49,60.96,No,0.92,1
280,Drought,Chile,-33.43625277687632,-69.98461473097,2024-02-08,8,31191.0,1827703.09,65.56,Yes,0.94,1
281,Drought,India,19.97527524829757,78.00455152430942,2023-07-12,7,33514.0,,48.28,Yes,0.4,1
282,Volcanic Eruption,Italy,42.31605780312948,11.031446996113845,2023-01-15,7,34804.0,9222541.48,49.3,No,0.94,1
283,Hurricane,Canada,22.12856945830581,78.0239512281301,2023-05-29,5,29340.0,5996226.87,44.43,No,0.26,0
284,Wildfire,Chile,-34.681671693977535,-71.81952860234237,2025-08-27,8,31104.0,2768213.39,5.12,Yes,0.59,1
285,Hurricane,India,22.12856945830581,78.0239512281301,2023-05-29,5,29340.0,5996226.87,44.43,No,0.26,0
286,Drought,India,19.97527524829757,78.00455152430942,2023-07-12,7,33514.0,7279586.44,48.28,Yes,0.4,1
287,Hurricane,Turkey,41.04868323467885,34.17446709265299,2025-10-24,4,8039.0,2296849.96,43.52,No,0.53,0
288,Wildfire,Indonesia,-2.4761398467185693,112.89464918920568,2023-11-19,9,49656.0,11532694.98,55.76,Yes,0.95,1
289,Volcanic Eruption,Turkey,39.40097663210773,37.00682207789722,2023-12-23,8,46284.0,13435921.49,60.96,No,0.92,1
290,Volcanic Eruption,Italy,42.31605780312948,11.031446996113845,2023-01-15,7,34804.0,9222541.48,49.3,No,0.94,1
291,Wildfire,Indonesia,-2.4761398467185693,112.89464918920568,2023-11-19,9,49656.0,11532694.98,55.76,Yes,0.95,1
292,Wildfire,Chile,-34.681671693977535,-71.81952860234237,2025-08-27,8,31104.0,2768213.39,5.12,Yes,0.59,1
293,Wildfire,Indonesia,-2.4761398467185693,112.89464918920568,2023-11-19,9,49656.0,11532694.98,55.76,Yes,0.95,1
294,Volcanic Eruption,Japan,37.140389506526304,139.72514470133854,2023-05-16,7,34713.0,6272056.18,31.36,Yes,1.0,1
295,Drought,USA,34.12535150628218,-96.17059503247803,2025-04-03,4,20776.0,5232644.17,64.62,Yes,0.64,0
296,Wildfire,Chile,-34.681671693977535,-71.81952860234237,2025-08-27,8,31104.0,2768213.39,5.12,Yes,0.59,1
297,Drought,USA,34.12535150628218,-96.17059503247803,2025-04-03,4,20776.0,5232644.17,64.62,Yes,0.64,0
298,Volcanic Eruption,Italy,42.31605780312948,11.031446996113845,2023-01-15,7,34804.0,9222541.48,49.3,No,0.94,1
299,Wildfire,Chile,-34.681671693977535,-71.81952860234237,2025-08-27,8,,2768213.39,5.12,Yes,0.59,1
300,Volcanic Eruption,Japan,37.140389506526304,139.72514470133854,2023-05-16,7,34713.0,6272056.18,31.36,Yes,1.0,1
301,Hurricane,Turkey,41.04868323467885,34.17446709265299,2025-10-24,4,8039.0,2296849.96,43.52,No,0.53,0
302,Heatwave,India,19.97527524829757,78.00455152430942,2023-07-12,7,33514.0,7279586.44,48.28,Yes,0.4,1
303,Wildfire,Chile,-34.681671693977535,-71.81952860234237,2025-08-27,8,31104.0,2768213.39,5.12,Yes,0.59,1
304,Hurricane,India,22.12856945830581,78.0239512281301,2023-05-29,5,29340.0,5996226.87,44.43,No,0.26,0
305,Volcanic Eruption,Italy,42.31605780312948,11.031446996113845,2023-01-15,7,34804.0,9222541.48,49.3,No,0.94,1
306,Hurricane,Turkey,41.04868323467885,34.17446709265299,2025-10-24,4,8039.0,2296849.96,43.52,No,0.53,0
307,Wildfire,Chile,-34.681671693977535,-71.81952860234237,2025-08-27,8,,2768213.39,5.12,Yes,0.59,1
308,Drought,USA,34.12535150628218,-96.17059503247803,2025-04-03,4,20776.0,5232644.17,64.62,Yes,0.64,0
309,Hurricane,India,22.12856945830581,78.0239512281301,2023-05-29,5,29340.0,5996226.87,44.43,No,0.26,0
310,Hurricane,India,22.12856945830581,78.0239512281301,2023-05-29,5,29340.0,5996226.87,44.43,No,0.26,0
311,Drought,Chile,-33.43625277687632,-69.98461473097,2024-02-08,8,31191.0,1827703.09,65.56,Yes,0.94,1
312,Drought,Chile,-33.43625277687632,-69.98461473097,2024-02-08,8,31191.0,1827703.09,65.56,Yes,0.94,1
313,Volcanic Eruption,Italy,42.31605780312948,11.031446996113845,2023-01-15,7,34804.0,9222541.48,49.3,No,0.94,1
314,Tsunami,India,19.97527524829757,78.00455152430942,2023-07-12,7,33514.0,7279586.44,48.28,Yes,0.4,1
315,Wildfire,Chile,-34.681671693977535,-71.81952860234237,2025-08-27,8,31104.0,2768213.39,,Yes,0.59,1
316,Drought,Chile,-33.43625277687632,-69.98461473097,2024-02-08,8,31191.0,1827703.09,65.56,Yes,0.94,1
317,Hurricane,Turkey,41.04868323467885,34.17446709265299,2025-10-24,4,8039.0,2296849.96,43.52,No,0.53,0
318,Drought,USA,34.12535150628218,-96.17059503247803,2025-04-03,4,20776.0,5232644.17,64.62,Yes,0.64,0
319,Hurricane,India,22.12856945830581,78.0239512281301,2023-05-29,5,29340.0,5996226.87,44.43,No,0.26,0
320,Wildfire,Indonesia,-2.4761398467185693,112.89464918920568,2023-11-19,9,49656.0,,55.76,Yes,0.95,1
321,Drought,India,19.97527524829757,78.00455152430942,2023-07-12,7,33514.0,7279586.44,48.28,Yes,0.4,1
322,Drought,India,19.97527524829757,78.00455152430942,2023-07-12,7,33514.0,7279586.44,48.28,Yes,0.4,1
323,Volcanic Eruption,Japan,37.140389506526304,139.72514470133854,2023-05-16,7,34713.0,6272056.18,31.36,Yes,1.0,1
324,Drought,Chile,-33.43625277687632,-69.98461473097,2024-02-08,8,31191.0,1827703.09,65.56,Yes,0.94,1
325,Wildfire,Indonesia,-2.4761398467185693,112.89464918920568,2023-11-19,9,49656.0,11532694.98,55.76,Yes,0.95,1
326,Wildfire,Indonesia,-2.4761398467185693,112.89464918920568,2023-11-19,9,49656.0,11532694.98,55.76,Yes,0.95,1
327,Volcanic Eruption,Japan,37.140389506526304,139.72514470133854,2023-05-16,7,34713.0,6272056.18,31.36,Yes,1.0,1
328,Hurricane,Turkey,41.04868323467885,34.17446709265299,2025-10-24,4,8039.0,2296849.96,43.52,No,0.53,0
329,Hurricane,Turkey,41.04868323467885,34.17446709265299,2025-10-24,4,8039.0,2296849.96,43.52,No,0.53,0
330,Drought,India,19.97527524829757,78.00455152430942,2023-07-12,7,33514.0,7279586.44,48.28,Yes,0.4,1
331,Wildfire,Indonesia,-2.4761398467185693,112.89464918920568,2023-11-19,9,49656.0,11532694.98,55.76,Yes,0.95,1
332,Drought,USA,34.12535150628218,-96.17059503247803,2025-04-03,4,20776.0,5232644.17,64.62,Yes,0.64,0
333,Drought,USA,34.12535150628218,-96.17059503247803,2025-04-03,4,20776.0,5232644.17,64.62,Yes,0.64,0
334,Hurricane,Turkey,41.04868323467885,34.17446709265299,2025-10-24,4,8039.0,2296849.96,43.52,No,0.53,0
335,Drought,India,19.97527524829757,78.00455152430942,2023-07-12,7,33514.0,7279586.44,48.28,Yes,0.4,1
336,Hurricane,Turkey,41.04868323467885,34.17446709265299,2025-10-24,4,8039.0,2296849.96,43.52,No,0.53,0
337,Wildfire,Indonesia,-2.4761398467185693,112.89464918920568,2023-11-19,9,49656.0,11532694.98,55.76,Yes,0.95,1
338,Wildfire,Indonesia,-2.4761398467185693,112.89464918920568,2023-11-19,9,49656.0,11532694.98,55.76,Yes,0.95,1
339,Wildfire,Indonesia,-2.4761398467185693,112.89464918920568,2023-11-19,9,49656.0,11532694.98,55.76,Yes,0.95,1
340,Drought,Chile,-33.43625277687632,-69.98461473097,2024-02-08,8,31191.0,1827703.09,65.56,Yes,0.94,1
341,Volcanic Eruption,Italy,42.31605780312948,11.031446996113845,2023-01-15,7,34804.0,9222541.48,49.3,No,0.94,1
342,Volcanic Eruption,Italy,42.31605780312948,11.031446996113845,2023-01-15,7,34804.0,9222541.48,49.3,No,0.94,1
343,Volcanic Eruption,Italy,42.31605780312948,11.031446996113845,2023-01-15,7,34804.0,9222541.48,49.3,No,0.94,1
344,Volcanic Eruption,Italy,42.31605780312948,11.031446996113845,2023-01-15,7,34804.0,9222541.48,49.3,No,0.94,1
345,Wildfire,Indonesia,-2.4761398467185693,112.89464918920568,2023-11-19,9,49656.0,11532694.98,55.76,Yes,0.95,1
346,Drought,Chile,-33.43625277687632,-69.98461473097,2024-02-08,8,31191.0,1827703.09,65.56,Yes,0.94,1
347,Drought,Chile,-33.43625277687632,-69.98461473097,2024-02-08,8,31191.0,1827703.09,65.56,Yes,0.94,1
348,Drought,USA,34.12535150628218,-96.17059503247803,2025-04-03,4,20776.0,5232644.17,64.62,Yes,0.64,0
349,Volcanic Eruption,Italy,42.31605780312948,11.031446996113845,2023-01-15,7,34804.0,9222541.48,49.3,No,0.94,1
350,Drought,USA,34.12535150628218,-96.17059503247803,2025-04-03,4,20776.0,5232644.17,64.62,Yes,0.64,0
351,Drought,USA,34.12535150628218,-96.17059503247803,2025-04-03,4,20776.0,5232644.17,64.62,Yes,0.64,0
352,Wildfire,Chile,-34.681671693977535,-71.81952860234237,2025-08-27,8,31104.0,2768213.39,5.12,Yes,0.59,1
353,Volcanic Eruption,Japan,37.140389506526304,139.72514470133854,2023-05-16,7,34713.0,6272056.18,31.36,Yes,1.0,1
354,Volcanic Eruption,Turkey,39.40097663210773,37.00682207789722,2023-12-23,8,46284.0,13435921.49,60.96,No,0.92,1
355,Volcanic Eruption,Italy,42.31605780312948,11.031446996113845,2023-01-15,7,34804.0,9222541.48,49.3,No,0.94,1
356,Wildfire,Indonesia,-2.4761398467185693,112.89464918920568,2023-11-19,9,,11532694.98,55.76,Yes,0.95,1
357,Drought,USA,34.12535150628218,-96.17059503247803,2025-04-03,4,20776.0,5232644.17,64.62,Yes,0.64,0
358,Hurricane,India,22.12856945830581,78.0239512281301,2023-05-29,5,29340.0,5996226.87,44.43,No,0.26,0
359,Volcanic Eruption,Japan,37.140389506526304,139.72514470133854,2023-05-16,7,34713.0,6272056.18,31.36,Yes,1.0,1
360,Drought,India,19.97527524829757,78.00455152430942,2023-07-12,7,33514.0,7279586.44,48.28,Yes,0.4,1
361,Hurricane,Turkey,41.04868323467885,34.17446709265299,2025-10-24,4,8039.0,2296849.96,43.52,No,0.53,0
362,Drought,USA,34.12535150628218,-96.17059503247803,2025-04-03,4,20776.0,5232644.17,,Yes,0.64,0
363,Drought,Chile,-33.43625277687632,-69.98461473097,2024-02-08,8,31191.0,1827703.09,65.56,Yes,0.94,1
364,Drought,India,19.97527524829757,78.00455152430942,2023-07-12,7,33514.0,7279586.44,48.28,Yes,0.4,1
365,Hurricane,India,22.12856945830581,78.0239512281301,2023-05-29,5,29340.0,5996226.87,44.43,No,0.26,0
366,Volcanic Eruption,Turkey,39.40097663210773,37.00682207789722,2023-12-23,8,46284.0,13435921.49,60.96,No,0.92,1
367,Drought,USA,34.12535150628218,-96.17059503247803,2025-04-03,4,20776.0,5232644.17,64.62,Yes,0.64,0
368,Drought,India,19.97527524829757,78.00455152430942,2023-07-12,7,33514.0,7279586.44,48.28,Yes,0.4,1
369,Hurricane,India,22.12856945830581,78.0239512281301,2023-05-29,5,29340.0,5996226.87,44.43,No,0.26,0
370,Wildfire,Chile,-34.681671693977535,-71.81952860234237,2025-08-27,8,31104.0,2768213.39,5.12,Yes,0.59,1
371,Drought,India,19.97527524829757,78.00455152430942,2023-07-12,7,33514.0,7279586.44,48.28,Yes,0.4,1
372,Hurricane,Turkey,41.04868323467885,34.17446709265299,2025-10-24,4,8039.0,2296849.96,43.52,No,0.53,0
373,Volcanic Eruption,Turkey,39.40097663210773,37.00682207789722,2023-12-23,8,46284.0,13435921.49,60.96,No,0.92,1
374,Volcanic Eruption,Turkey,39.40097663210773,37.00682207789722,2023-12-23,8,46284.0,13435921.49,60.96,No,0.92,1
375,Wildfire,Chile,-34.681671693977535,-71.81952860234237,2025-08-27,8,31104.0,2768213.39,5.12,Yes,0.59,1
376,Hurricane,India,22.12856945830581,78.0239512281301,2023-05-29,5,29340.0,5996226.87,44.43,No,0.26,0
377,Hurricane,Australia,22.12856945830581,78.0239512281301,2023-05-29,5,29340.0,5996226.87,44.43,No,0.26,0
378,Volcanic Eruption,Japan,37.140389506526304,139.72514470133854,2023-05-16,7,34713.0,6272056.18,31.36,Yes,1.0,1
379,Hurricane,Canada,41.04868323467885,34.17446709265299,2025-10-24,4,8039.0,2296849.96,43.52,No,0.53,0
380,Drought,India,19.97527524829757,78.00455152430942,2023-07-12,7,33514.0,7279586.44,48.28,Yes,0.4,1
381,Volcanic Eruption,Italy,42.31605780312948,11.031446996113845,2023-01-15,7,34804.0,9222541.48,49.3,No,0.94,1
382,Wildfire,Indonesia,-2.4761398467185693,112.89464918920568,2023-11-19,9,49656.0,11532694.98,55.76,Yes,0.95,1
383,Volcanic Eruption,Turkey,39.40097663210773,37.00682207789722,2023-12-23,8,46284.0,13435921.49,60.96,No,0.92,1
384,Hurricane,India,22.12856945830581,78.0239512281301,2023-05-29,5,29340.0,5996226.87,44.43,No,0.26,0
385,Volcanic Eruption,Japan,37.140389506526304,139.72514470133854,2023-05-16,7,34713.0,6272056.18,31.36,Yes,1.0,1
386,Hurricane,Australia,41.04868323467885,34.17446709265299,2025-10-24,4,8039.0,2296849.96,43.52,No,0.53,0
387,Wildfire,Indonesia,-2.4761398467185693,112.89464918920568,2023-11-19,9,49656.0,11532694.98,55.76,Yes,0.95,1
388,Volcanic Eruption,Turkey,39.40097663210773,37.00682207789722,2023-12-23,8,46284.0,13435921.49,60.96,No,0.92,1
389,Drought,India,19.97527524829757,78.00455152430942,2023-07-12,7,33514.0,7279586.44,48.28,Yes,0.4,1
390,Hurricane,Turkey,41.04868323467885,34.17446709265299,2025-10-24,4,8039.0,2296849.96,43.52,No,0.53,0
391,Hurricane,India,22.12856945830581,78.0239512281301,2023-05-29,5,29340.0,5996226.87,44.43,No,0.26,0
392,Volcanic Eruption,Italy,42.31605780312948,11.031446996113845,2023-01-15,7,34804.0,9222541.48,49.3,No,0.94,1
393,Wildfire,Chile,-34.681671693977535,-71.81952860234237,2025-08-27,8,31104.0,2768213.39,5.12,Yes,0.59,1
394,Volcanic Eruption,Turkey,39.40097663210773,37.00682207789722,2023-12-23,8,46284.0,13435921.49,,No,0.92,1
395,Hurricane,India,22.12856945830581,78.0239512281301,2023-05-29,5,29340.0,5996226.87,44.43,No,0.26,0
396,Volcanic Eruption,Turkey,39.40097663210773,37.00682207789722,2023-12-23,8,46284.0,13435921.49,60.96,No,0.92,1
397,Hurricane,India,22.12856945830581,78.0239512281301,2023-05-29,5,29340.0,5996226.87,44.43,No,0.26,0
398,Drought,India,19.97527524829757,78.00455152430942,2023-07-12,7,33514.0,7279586.44,48.28,Yes,0.4,1
399,Drought,India,19.97527524829757,78.00455152430942,2023-07-12,7,33514.0,7279586.44,48.28,Yes,0.4,1
400,Volcanic Eruption,Japan,37.140389506526304,139.72514470133854,2023-05-16,7,34713.0,6272056.18,31.36,Yes,1.0,1
401,Volcanic Eruption,Japan,37.140389506526304,139.72514470133854,2023-05-16,7,34713.0,6272056.18,31.36,Yes,1.0,1
402,Volcanic Eruption,Italy,42.31605780312948,11.031446996113845,2023-01-15,7,34804.0,9222541.48,49.3,No,0.94,1
403,Drought,Chile,-33.43625277687632,-69.98461473097,2024-02-08,8,31191.0,1827703.09,65.56,Yes,0.94,1
404,Volcanic Eruption,Turkey,39.40097663210773,37.00682207789722,2023-12-23,8,46284.0,13435921.49,60.96,No,0.92,1
405,Wildfire,Indonesia,-2.4761398467185693,112.89464918920568,2023-11-19,9,49656.0,11532694.98,55.76,Yes,0.95,1
406,Drought,USA,34.12535150628218,-96.17059503247803,2025-04-03,4,20776.0,5232644.17,64.62,Yes,0.64,0
407,Tsunami,Italy,42.31605780312948,11.031446996113845,2023-01-15,7,34804.0,9222541.48,49.3,No,0.94,1
408,Hurricane,India,22.12856945830581,78.0239512281301,2023-05-29,5,29340.0,5996226.87,44.43,No,0.26,0
409,Wildfire,Indonesia,-2.4761398467185693,112.89464918920568,2023-11-19,9,49656.0,11532694.98,55.76,Yes,0.95,1
410,Volcanic Eruption,Italy,42.31605780312948,11.031446996113845,2023-01-15,7,34804.0,9222541.48,49.3,No,0.94,1
411,Drought,Chile,-33.43625277687632,-69.98461473097,2024-02-08,8,31191.0,1827703.09,65.56,Yes,0.94,1
412,Drought,USA,34.12535150628218,-96.17059503247803,2025-04-03,4,20776.0,,64.62,Yes,0.64,0
413,Drought,USA,34.12535150628218,-96.17059503247803,2025-04-03,4,20776.0,5232644.17,64.62,Yes,0.64,0
414,Hurricane,Turkey,41.04868323467885,34.17446709265299,2025-10-24,4,8039.0,2296849.96,43.52,No,0.53,0
415,Drought,Chile,-33.43625277687632,-69.98461473097,2024-02-08,8,31191.0,1827703.09,65.56,Yes,0.94,1
416,Wildfire,Chile,-34.681671693977535,-71.81952860234237,2025-08-27,8,31104.0,2768213.39,5.12,Yes,0.59,1
417,Drought,Chile,-33.43625277687632,-69.98461473097,2024-02-08,8,31191.0,1827703.09,65.56,Yes,0.94,1
418,Volcanic Eruption,Turkey,39.40097663210773,37.00682207789722,2023-12-23,8,46284.0,13435921.49,60.96,No,0.92,1
419,Volcanic Eruption,Italy,42.31605780312948,11.031446996113845,2023-01-15,7,34804.0,9222541.48,49.3,No,0.94,1
420,Hurricane,Turkey,41.04868323467885,34.17446709265299,2025-10-24,4,8039.0,2296849.96,43.52,No,0.53,0
421,Hurricane,Turkey,41.04868323467885,34.17446709265299,2025-10-24,4,8039.0,2296849.96,43.52,No,0.53,0
422,Drought,India,19.97527524829757,78.00455152430942,2023-07-12,7,33514.0,7279586.44,48.28,Yes,0.4,1
423,Wildfire,Indonesia,-2.4761398467185693,112.89464918920568,2023-11-19,9,49656.0,11532694.98,55.76,Yes,0.95,1
424,Hurricane,Turkey,41.04868323467885,34.17446709265299,2025-10-24,4,8039.0,2296849.96,43.52,No,0.53,0
425,Wildfire,Indonesia,-2.4761398467185693,112.89464918920568,2023-11-19,9,49656.0,11532694.98,55.76,Yes,0.95,1
426,Wildfire,Chile,-34.681671693977535,-71.81952860234237,2025-08-27,8,31104.0,2768213.39,5.12,Yes,0.59,1
427,Hurricane,Australia,41.04868323467885,34.17446709265299,2025-10-24,4,8039.0,2296849.96,43.52,No,0.53,0
428,Wildfire,Chile,-34.681671693977535,-71.81952860234237,2025-08-27,8,31104.0,2768213.39,5.12,Yes,0.59,1
429,Drought,USA,34.12535150628218,-96.17059503247803,2025-04-03,4,20776.0,5232644.17,64.62,Yes,0.64,0
430,Volcanic Eruption,Turkey,39.40097663210773,37.00682207789722,2023-12-23,8,46284.0,13435921.49,60.96,No,0.92,1
431,Drought,USA,34.12535150628218,-96.17059503247803,2025-04-03,4,20776.0,5232644.17,64.62,Yes,0.64,0
432,Hurricane,India,22.12856945830581,78.0239512281301,2023-05-29,5,29340.0,5996226.87,44.43,No,0.26,0
433,Volcanic Eruption,Turkey,39.40097663210773,37.00682207789722,2023-12-23,8,46284.0,13435921.49,60.96,No,0.92,1
434,Drought,India,19.97527524829757,78.00455152430942,2023-07-12,7,33514.0,7279586.44,48.28,Yes,0.4,1
435,Wildfire,Chile,-34.681671693977535,-71.81952860234237,2025-08-27,8,31104.0,2768213.39,5.12,Yes,0.59,1
436,Wildfire,Chile,-34.681671693977535,-71.81952860234237,2025-08-27,8,31104.0,2768213.39,5.12,Yes,0.59,1
437,Volcanic Eruption,Japan,37.140389506526304,139.72514470133854,2023-05-16,7,34713.0,6272056.18,31.36,Yes,1.0,1
438,Volcanic Eruption,Japan,37.140389506526304,139.72514470133854,2023-05-16,7,34713.0,6272056.18,31.36,Yes,1.0,1
439,Hurricane,Turkey,41.04868323467885,34.17446709265299,2025-10-24,4,8039.0,2296849.96,43.52,No,0.53,0
440,Drought,Chile,-33.43625277687632,-69.98461473097,2024-02-08,8,31191.0,1827703.09,65.56,Yes,0.94,1
441,Volcanic Eruption,Turkey,39.40097663210773,37.00682207789722,2023-12-23,8,46284.0,13435921.49,60.96,No,0.92,1
442,Volcanic Eruption,Italy,42.31605780312948,11.031446996113845,2023-01-15,7,34804.0,9222541.48,49.3,No,0.94,1
443,Wildfire,Indonesia,-2.4761398467185693,112.89464918920568,2023-11-19,9,49656.0,11532694.98,55.76,Yes,0.95,1
444,Volcanic Eruption,Japan,37.140389506526304,139.72514470133854,2023-05-16,7,34713.0,6272056.18,31.36,Yes,1.0,1
445,Drought,India,19.97527524829757,78.00455152430942,2023-07-12,7,33514.0,7279586.44,,Yes,0.4,1
446,Volcanic Eruption,Italy,42.31605780312948,11.031446996113845,2023-01-15,7,34804.0,9222541.48,49.3,No,0.94,1
447,Volcanic Eruption,Japan,37.140389506526304,139.72514470133854,2023-05-16,7,34713.0,6272056.18,31.36,Yes,1.0,1
448,Volcanic Eruption,Italy,42.31605780312948,11.031446996113845,2023-01-15,7,34804.0,9222541.48,49.3,No,0.94,1
449,Volcanic Eruption,Turkey,39.40097663210773,37.00682207789722,2023-12-23,8,46284.0,13435921.49,60.96,No,0.92,1
450,Hurricane,Germany,22.12856945830581,78.0239512281301,2023-05-29,5,29340.0,5996226.87,44.43,No,0.26,0
451,Hurricane,Turkey,41.04868323467885,34.17446709265299,2025-10-24,4,8039.0,2296849.96,43.52,No,0.53,0
452,Volcanic Eruption,Japan,37.140389506526304,139.72514470133854,2023-05-16,7,34713.0,6272056.18,31.36,Yes,1.0,1
453,Wildfire,Chile,-34.681671693977535,-71.81952860234237,2025-08-27,8,31104.0,2768213.39,5.12,Yes,0.59,1
454,Volcanic Eruption,Italy,42.31605780312948,11.031446996113845,2023-01-15,7,34804.0,9222541.48,49.3,No,0.94,1
455,Volcanic Eruption,Turkey,39.40097663210773,37.00682207789722,2023-12-23,8,46284.0,13435921.49,60.96,No,0.92,1
456,Wildfire,Chile,-34.681671693977535,-71.81952860234237,2025-08-27,8,31104.0,2768213.39,5.12,Yes,0.59,1
457,Drought,India,19.97527524829757,78.00455152430942,2023-07-12,7,33514.0,7279586.44,48.28,Yes,0.4,1
458,Wildfire,Indonesia,-2.4761398467185693,112.89464918920568,2023-11-19,9,49656.0,11532694.98,55.76,Yes,0.95,1
459,Drought,Chile,-33.43625277687632,-69.98461473097,2024-02-08,8,31191.0,1827703.09,65.56,Yes,0.94,1
460,Flood,Italy,42.31605780312948,11.031446996113845,2023-01-15,7,34804.0,9222541.48,49.3,No,0.94,1
461,Volcanic Eruption,Japan,37.140389506526304,139.72514470133854,2023-05-16,7,34713.0,6272056.18,31.36,Yes,1.0,1
462,Hurricane,India,22.12856945830581,78.0239512281301,2023-05-29,5,29340.0,5996226.87,44.43,No,0.26,0
463,Drought,Chile,-33.43625277687632,-69.98461473097,2024-02-08,8,31191.0,1827703.09,65.56,Yes,0.94,1
464,Volcanic Eruption,Japan,37.140389506526304,139.72514470133854,2023-05-16,7,34713.0,6272056.18,31.36,Yes,1.0,1
465,Wildfire,Chile,-34.681671693977535,-71.81952860234237,2025-08-27,8,31104.0,2768213.39,5.12,Yes,0.59,1
466,Volcanic Eruption,Italy,42.31605780312948,11.031446996113845,2023-01-15,7,34804.0,9222541.48,49.3,No,0.94,1
467,Hurricane,India,22.12856945830581,78.0239512281301,2023-05-29,5,29340.0,5996226.87,44.43,No,0.26,0
468,Wildfire,Germany,-34.681671693977535,-71.81952860234237,2025-08-27,8,31104.0,2768213.39,5.12,Yes,0.59,1
469,Volcanic Eruption,Italy,42.31605780312948,11.031446996113845,2023-01-15,7,,9222541.48,49.3,No,0.94,1
470,Wildfire,Indonesia,-2.4761398467185693,112.89464918920568,2023-11-19,9,49656.0,11532694.98,55.76,Yes,0.95,1
471,Wildfire,Indonesia,-2.4761398467185693,112.89464918920568,2023-11-19,9,49656.0,11532694.98,55.76,Yes,0.95,1
472,Hurricane,Turkey,41.04868323467885,34.17446709265299,2025-10-24,4,8039.0,2296849.96,43.52,No,0.53,0
473,Drought,Chile,-33.43625277687632,-69.98461473097,2024-02-08,8,31191.0,1827703.09,65.56,Yes,0.94,1
474,Wildfire,Chile,-34.681671693977535,-71.81952860234237,2025-08-27,8,31104.0,2768213.39,5.12,Yes,0.59,1
475,Volcanic Eruption,Turkey,39.40097663210773,37.00682207789722,2023-12-23,8,46284.0,13435921.49,60.96,No,0.92,1
476,Hurricane,France,41.04868323467885,34.17446709265299,2025-10-24,4,8039.0,2296849.96,43.52,No,0.53,0
477,Wildfire,Chile,-34.681671693977535,-71.81952860234237,2025-08-27,8,31104.0,2768213.39,5.12,Yes,0.59,1
478,Volcanic Eruption,Italy,42.31605780312948,11.031446996113845,2023-01-15,7,34804.0,9222541.48,49.3,No,0.94,1
479,Hurricane,India,22.12856945830581,78.0239512281301,2023-05-29,5,29340.0,5996226.87,44.43,No,0.26,0
480,Wildfire,Indonesia,-2.4761398467185693,112.89464918920568,2023-11-19,9,49656.0,11532694.98,55.76,Yes,0.95,1
481,Drought,Chile,-33.43625277687632,-69.98461473097,2024-02-08,8,31191.0,1827703.09,65.56,Yes,0.94,1
482,Wildfire,Indonesia,-2.4761398467185693,112.89464918920568,2023-11-19,9,49656.0,11532694.98,55.76,Yes,0.95,1
483,Hurricane,India,22.12856945830581,78.0239512281301,2023-05-29,5,29340.0,5996226.87,44.43,No,0.26,0
484,Drought,India,19.97527524829757,78.00455152430942,2023-07-12,7,33514.0,7279586.44,48.28,Yes,0.4,1
485,Drought,USA,34.12535150628218,-96.17059503247803,2025-04-03,4,20776.0,5232644.17,64.62,Yes,0.64,0
486,Hurricane,Canada,41.04868323467885,34.17446709265299,2025-10-24,4,8039.0,2296849.96,43.52,No,0.53,0
487,Hurricane,India,22.12856945830581,78.0239512281301,2023-05-29,5,29340.0,5996226.87,44.43,No,0.26,0
488,Wildfire,Indonesia,-2.4761398467185693,112.89464918920568,2023-11-19,9,49656.0,11532694.98,55.76,Yes,0.95,1
489,Volcanic Eruption,Italy,42.31605780312948,11.031446996113845,2023-01-15,7,34804.0,9222541.48,49.3,No,0.94,1
490,Drought,USA,34.12535150628218,-96.17059503247803,2025-04-03,4,20776.0,5232644.17,64.62,Yes,0.64,0
491,Drought,USA,34.12535150628218,-96.17059503247803,2025-04-03,4,20776.0,5232644.17,64.62,Yes,0.64,0
492,Wildfire,Chile,-34.681671693977535,-71.81952860234237,2025-08-27,8,31104.0,2768213.39,5.12,Yes,0.59,1
493,Volcanic Eruption,Turkey,39.40097663210773,37.00682207789722,2023-12-23,8,46284.0,13435921.49,60.96,No,0.92,1
494,Drought,USA,34.12535150628218,-96.17059503247803,2025-04-03,4,20776.0,5232644.17,64.62,Yes,0.64,0
495,Wildfire,Chile,-34.681671693977535,-71.81952860234237,2025-08-27,8,31104.0,2768213.39,5.12,Yes,0.59,1
496,Drought,Chile,-33.43625277687632,-69.98461473097,2024-02-08,8,31191.0,1827703.09,65.56,Yes,0.94,1
497,Wildfire,Chile,-34.681671693977535,-71.81952860234237,2025-08-27,8,31104.0,2768213.39,5.12,Yes,0.59,1
498,Hurricane,India,22.12856945830581,78.0239512281301,2023-05-29,5,29340.0,5996226.87,44.43,No,0.26,0
499,Drought,Chile,-33.43625277687632,-69.98461473097,2024-02-08,8,31191.0,1827703.09,65.56,Yes,0.94,1
500,Volcanic Eruption,Japan,37.140389506526304,139.72514470133854,2023-05-16,7,34713.0,6272056.18,31.36,Yes,1.0,1
501,Drought,Chile,-33.43625277687632,-69.98461473097,2024-02-08,8,31191.0,1827703.09,65.56,Yes,0.94,1
502,Volcanic Eruption,Japan,37.140389506526304,139.72514470133854,2023-05-16,7,34713.0,6272056.18,31.36,Yes,1.0,1
503,Wildfire,Indonesia,-2.4761398467185693,112.89464918920568,2023-11-19,9,49656.0,11532694.98,55.76,Yes,0.95,1
504,Drought,India,19.97527524829757,78.00455152430942,2023-07-12,7,33514.0,7279586.44,48.28,Yes,0.4,1
505,Wildfire,Indonesia,-2.4761398467185693,112.89464918920568,2023-11-19,9,49656.0,11532694.98,55.76,Yes,0.95,1
506,Drought,India,19.97527524829757,78.00455152430942,2023-07-12,7,,7279586.44,48.28,Yes,0.4,1
507,Volcanic Eruption,Japan,37.140389506526304,139.72514470133854,2023-05-16,7,34713.0,6272056.18,31.36,Yes,1.0,1
508,Volcanic Eruption,Japan,37.140389506526304,139.72514470133854,2023-05-16,7,34713.0,6272056.18,31.36,Yes,1.0,1
509,Volcanic Eruption,Italy,42.31605780312948,11.031446996113845,2023-01-15,7,34804.0,9222541.48,49.3,No,0.94,1
510,Drought,Chile,-33.43625277687632,-69.98461473097,2024-02-08,8,31191.0,1827703.09,65.56,Yes,0.94,1
511,Drought,India,19.97527524829757,78.00455152430942,2023-07-12,7,33514.0,7279586.44,48.28,Yes,0.4,1
512,Hurricane,Turkey,41.04868323467885,34.17446709265299,2025-10-24,4,8039.0,2296849.96,43.52,No,0.53,0
513,Drought,India,19.97527524829757,78.00455152430942,2023-07-12,7,33514.0,7279586.44,48.28,Yes,0.4,1
514,Volcanic Eruption,Japan,37.140389506526304,139.72514470133854,2023-05-16,7,34713.0,,31.36,Yes,1.0,1
515,Drought,USA,34.12535150628218,-96.17059503247803,2025-04-03,4,20776.0,5232644.17,64.62,Yes,0.64,0
516,Earthquake,Turkey,41.04868323467885,34.17446709265299,2025-10-24,4,8039.0,2296849.96,43.52,No,0.53,0
517,Drought,Chile,-33.43625277687632,-69.98461473097,2024-02-08,8,31191.0,1827703.09,65.56,Yes,0.94,1
518,Hurricane,India,22.12856945830581,78.0239512281301,2023-05-29,5,29340.0,5996226.87,44.43,No,0.26,0
519,Volcanic Eruption,Turkey,39.40097663210773,37.00682207789722,2023-12-23,8,46284.0,13435921.49,60.96,No,0.92,1
520,Hurricane,France,22.12856945830581,78.0239512281301,2023-05-29,5,29340.0,5996226.87,44.43,No,0.26,0
521,Drought,India,19.97527524829757,78.00455152430942,2023-07-12,7,33514.0,7279586.44,48.28,Yes,0.4,1
522,Hurricane,India,22.12856945830581,78.0239512281301,2023-05-29,5,29340.0,,44.43,No,0.26,0
523,Volcanic Eruption,Italy,42.31605780312948,11.031446996113845,2023-01-15,7,34804.0,9222541.48,49.3,No,0.94,1
524,Hurricane,Australia,41.04868323467885,34.17446709265299,2025-10-24,4,8039.0,2296849.96,43.52,No,0.53,0
525,Wildfire,Indonesia,-2.4761398467185693,112.89464918920568,2023-11-19,9,49656.0,11532694.98,55.76,Yes,0.95,1
526,Volcanic Eruption,Italy,42.31605780312948,11.031446996113845,2023-01-15,7,34804.0,9222541.48,49.3,No,0.94,1
527,Drought,Chile,-33.43625277687632,-69.98461473097,2024-02-08,8,31191.0,1827703.09,65.56,Yes,0.94,1
528,Drought,USA,34.12535150628218,-96.17059503247803,2025-04-03,4,20776.0,5232644.17,64.62,Yes,0.64,0
529,Volcanic Eruption,Turkey,39.40097663210773,37.00682207789722,2023-12-23,8,46284.0,13435921.49,60.96,No,0.92,1
530,Volcanic Eruption,Japan,37.140389506526304,139.72514470133854,2023-05-16,7,34713.0,6272056.18,31.36,Yes,1.0,1
531,Volcanic Eruption,Italy,42.31605780312948,11.031446996113845,2023-01-15,7,34804.0,9222541.48,49.3,No,0.94,1
532,Wildfire,Indonesia,-2.4761398467185693,112.89464918920568,2023-11-19,9,49656.0,11532694.98,55.76,Yes,0.95,1
533,Volcanic Eruption,France,37.140389506526304,139.72514470133854,2023-05-16,7,34713.0,6272056.18,31.36,Yes,1.0,1
534,Hurricane,India,22.12856945830581,78.0239512281301,2023-05-29,5,29340.0,5996226.87,44.43,No,0.26,0
535,Volcanic Eruption,Turkey,39.40097663210773,37.00682207789722,2023-12-23,8,46284.0,13435921.49,60.96,No,0.92,1
536,Volcanic Eruption,Turkey,39.40097663210773,37.00682207789722,2023-12-23,8,46284.0,13435921.49,60.96,No,0.92,1
537,Drought,India,19.97527524829757,78.00455152430942,2023-07-12,7,33514.0,7279586.44,48.28,Yes,0.4,1
538,Drought,India,19.97527524829757,78.00455152430942,2023-07-12,7,33514.0,7279586.44,48.28,Yes,0.4,1
539,Hurricane,Turkey,41.04868323467885,34.17446709265299,2025-10-24,4,8039.0,2296849.96,43.52,No,0.53,0
540,Volcanic Eruption,Turkey,39.40097663210773,37.00682207789722,2023-12-23,8,46284.0,13435921.49,60.96,No,0.92,1
541,Drought,Chile,-33.43625277687632,-69.98461473097,2024-02-08,8,31191.0,1827703.09,65.56,Yes,0.94,1
542,Tsunami,Indonesia,-2.4761398467185693,112.89464918920568,2023-11-19,9,49656.0,11532694.98,55.76,Yes,0.95,1
543,Hurricane,Turkey,41.04868323467885,34.17446709265299,2025-10-24,4,8039.0,2296849.96,43.52,No,0.53,0
544,Hurricane,Brazil,41.04868323467885,34.17446709265299,2025-10-24,4,8039.0,2296849.96,43.52,No,0.53,0
545,Drought,India,19.97527524829757,78.00455152430942,2023-07-12,7,33514.0,7279586.44,48.28,Yes,0.4,1
546,Volcanic Eruption,Italy,42.31605780312948,11.031446996113845,2023-01-15,7,34804.0,9222541.48,49.3,No,0.94,1
547,Tsunami,Chile,-33.43625277687632,-69.98461473097,2024-02-08,8,31191.0,1827703.09,65.56,Yes,0.94,1
548,Hurricane,India,22.12856945830581,78.0239512281301,2023-05-29,5,29340.0,5996226.87,44.43,No,0.26,0
549,Volcanic Eruption,Japan,37.140389506526304,139.72514470133854,2023-05-16,7,34713.0,6272056.18,31.36,Yes,1.0,1
550,Earthquake,Turkey,41.04868323467885,34.17446709265299,2025-10-24,4,8039.0,2296849.96,43.52,No,0.53,0
551,Flood,Chile,-34.681671693977535,-71.81952860234237,2025-08-27,8,31104.0,2768213.39,5.12,Yes,0.59,1
552,Drought,India,19.97527524829757,78.00455152430942,2023-07-12,7,33514.0,7279586.44,48.28,Yes,0.4,1
553,Volcanic Eruption,Japan,37.140389506526304,139.72514470133854,2023-05-16,7,34713.0,6272056.18,31.36,Yes,1.0,1
554,Wildfire,Germany,-34.681671693977535,-71.81952860234237,2025-08-27,8,31104.0,2768213.39,5.12,Yes,0.59,1
555,Volcanic Eruption,Italy,42.31605780312948,11.031446996113845,2023-01-15,7,34804.0,9222541.48,49.3,No,0.94,1
556,Drought,Chile,-33.43625277687632,-69.98461473097,2024-02-08,8,31191.0,1827703.09,65.56,Yes,0.94,1
557,Hurricane,Turkey,41.04868323467885,34.17446709265299,2025-10-24,4,8039.0,2296849.96,43.52,No,0.53,0
558,Drought,India,19.97527524829757,78.00455152430942,2023-07-12,7,33514.0,7279586.44,48.28,Yes,0.4,1
559,Drought,Canada,-33.43625277687632,-69.98461473097,2024-02-08,8,31191.0,1827703.09,65.56,Yes,0.94,1
560,Volcanic Eruption,Japan,37.140389506526304,139.72514470133854,2023-05-16,7,34713.0,6272056.18,31.36,Yes,1.0,1
561,Volcanic Eruption,Japan,37.140389506526304,139.72514470133854,2023-05-16,7,34713.0,6272056.18,31.36,Yes,1.0,1
562,Hurricane,India,22.12856945830581,78.0239512281301,2023-05-29,5,29340.0,5996226.87,44.43,No,0.26,0
563,Volcanic Eruption,Italy,42.31605780312948,11.031446996113845,2023-01-15,7,34804.0,9222541.48,,No,0.94,1
564,Volcanic Eruption,Turkey,39.40097663210773,37.00682207789722,2023-12-23,8,46284.0,13435921.49,60.96,No,0.92,1
565,Wildfire,Chile,-34.681671693977535,-71.81952860234237,2025-08-27,8,31104.0,2768213.39,5.12,Yes,0.59,1
566,Volcanic Eruption,Japan,37.140389506526304,139.72514470133854,2023-05-16,7,34713.0,6272056.18,31.36,Yes,1.0,1
567,Volcanic Eruption,Japan,37.140389506526304,139.72514470133854,2023-05-16,7,34713.0,6272056.18,31.36,Yes,1.0,1
568,Volcanic Eruption,Turkey,39.40097663210773,37.00682207789722,2023-12-23,8,46284.0,13435921.49,60.96,No,0.92,1
569,Drought,India,19.97527524829757,78.00455152430942,2023-07-12,7,33514.0,7279586.44,48.28,Yes,0.4,1
570,Drought,India,19.97527524829757,78.00455152430942,2023-07-12,7,33514.0,7279586.44,48.28,Yes,0.4,1
571,Drought,Chile,-33.43625277687632,-69.98461473097,2024-02-08,8,31191.0,1827703.09,65.56,Yes,0.94,1
572,Volcanic Eruption,Germany,37.140389506526304,139.72514470133854,2023-05-16,7,34713.0,6272056.18,31.36,Yes,1.0,1
573,Volcanic Eruption,Japan,37.140389506526304,139.72514470133854,2023-05-16,7,34713.0,6272056.18,31.36,Yes,1.0,1
574,Drought,India,19.97527524829757,78.00455152430942,2023-07-12,7,33514.0,7279586.44,48.28,Yes,0.4,1
575,Wildfire,France,-34.681671693977535,-71.81952860234237,2025-08-27,8,31104.0,2768213.39,5.12,Yes,0.59,1
576,Drought,Chile,-33.43625277687632,-69.98461473097,2024-02-08,8,31191.0,1827703.09,65.56,Yes,0.94,1
577,Hurricane,Turkey,41.04868323467885,34.17446709265299,2025-10-24,4,8039.0,2296849.96,43.52,No,0.53,0
578,Volcanic Eruption,Turkey,39.40097663210773,37.00682207789722,2023-12-23,8,46284.0,13435921.49,60.96,No,0.92,1
579,Volcanic Eruption,Turkey,39.40097663210773,37.00682207789722,2023-12-23,8,46284.0,13435921.49,60.96,No,0.92,1
580,Hurricane,India,22.12856945830581,78.0239512281301,2023-05-29,5,29340.0,5996226.87,44.43,No,0.26,0
581,Hurricane,India,22.12856945830581,78.0239512281301,2023-05-29,5,29340.0,5996226.87,44.43,No,0.26,0
582,Wildfire,Chile,-34.681671693977535,-71.81952860234237,2025-08-27,8,31104.0,2768213.39,5.12,Yes,0.59,1
583,Volcanic Eruption,Japan,37.140389506526304,139.72514470133854,2023-05-16,7,34713.0,6272056.18,31.36,Yes,1.0,1
584,Wildfire,Chile,-34.681671693977535,-71.81952860234237,2025-08-27,8,31104.0,2768213.39,5.12,Yes,0.59,1
585,Volcanic Eruption,Japan,37.140389506526304,139.72514470133854,2023-05-16,7,34713.0,6272056.18,31.36,Yes,1.0,1
586,Volcanic Eruption,Germany,42.31605780312948,11.031446996113845,2023-01-15,7,34804.0,9222541.48,49.3,No,0.94,1
587,Wildfire,Indonesia,-2.4761398467185693,112.89464918920568,2023-11-19,9,,11532694.98,55.76,Yes,0.95,1
588,Volcanic Eruption,Germany,42.31605780312948,11.031446996113845,2023-01-15,7,34804.0,9222541.48,49.3,No,0.94,1
589,Wildfire,Indonesia,-2.4761398467185693,112.89464918920568,2023-11-19,9,49656.0,11532694.98,55.76,Yes,0.95,1
590,Hurricane,Turkey,41.04868323467885,34.17446709265299,2025-10-24,4,8039.0,2296849.96,43.52,No,0.53,0
591,Volcanic Eruption,Italy,42.31605780312948,11.031446996113845,2023-01-15,7,34804.0,9222541.48,49.3,No,0.94,1
592,Drought,Chile,-33.43625277687632,-69.98461473097,2024-02-08,8,31191.0,1827703.09,65.56,Yes,0.94,1
593,Hurricane,Turkey,41.04868323467885,34.17446709265299,2025-10-24,4,8039.0,2296849.96,43.52,No,0.53,0
594,Drought,Chile,-33.43625277687632,-69.98461473097,2024-02-08,8,31191.0,1827703.09,65.56,Yes,0.94,1
595,Volcanic Eruption,Italy,42.31605780312948,11.031446996113845,2023-01-15,7,34804.0,9222541.48,49.3,No,0.94,1
596,Drought,India,19.97527524829757,78.00455152430942,2023-07-12,7,33514.0,7279586.44,48.28,Yes,0.4,1
597,Drought,Brazil,-33.43625277687632,-69.98461473097,2024-02-08,8,31191.0,1827703.09,65.56,Yes,0.94,1
598,Wildfire,Chile,-34.681671693977535,-71.81952860234237,2025-08-27,8,31104.0,2768213.39,5.12,Yes,0.59,1
599,Hurricane,India,22.12856945830581,78.0239512281301,2023-05-29,5,29340.0,5996226.87,44.43,No,0.26,0
600,Hurricane,India,22.12856945830581,78.0239512281301,2023-05-29,5,29340.0,5996226.87,44.43,No,0.26,0
601,Wildfire,Indonesia,-2.4761398467185693,112.89464918920568,2023-11-19,9,49656.0,11532694.98,55.76,Yes,0.95,1
602,Drought,Chile,-33.43625277687632,-69.98461473097,2024-02-08,8,31191.0,1827703.09,65.56,Yes,0.94,1
603,Earthquake,Japan,37.140389506526304,139.72514470133854,2023-05-16,7,,6272056.18,31.36,Yes,1.0,1
604,Wildfire,Chile,-34.681671693977535,-71.81952860234237,2025-08-27,8,,2768213.39,5.12,Yes,0.59,1
605,Drought,USA,34.12535150628218,-96.17059503247803,2025-04-03,4,20776.0,5232644.17,64.62,Yes,0.64,0
606,Volcanic Eruption,Italy,42.31605780312948,11.031446996113845,2023-01-15,7,34804.0,9222541.48,49.3,No,0.94,1
607,Wildfire,Indonesia,-2.4761398467185693,112.89464918920568,2023-11-19,9,49656.0,11532694.98,55.76,Yes,0.95,1
608,Hurricane,India,22.12856945830581,78.0239512281301,2023-05-29,5,29340.0,5996226.87,44.43,No,0.26,0
609,Hurricane,India,22.12856945830581,78.0239512281301,2023-05-29,5,29340.0,5996226.87,44.43,No,0.26,0
610,Volcanic Eruption,Italy,42.31605780312948,11.031446996113845,2023-01-15,7,34804.0,9222541.48,49.3,No,0.94,1
611,Drought,India,19.97527524829757,78.00455152430942,2023-07-12,7,33514.0,7279586.44,48.28,Yes,0.4,1
612,Flood,USA,34.12535150628218,-96.17059503247803,2025-04-03,4,20776.0,5232644.17,64.62,Yes,0.64,0
613,Volcanic Eruption,Germany,39.40097663210773,37.00682207789722,2023-12-23,8,,13435921.49,60.96,No,0.92,1
614,Wildfire,Indonesia,-2.4761398467185693,112.89464918920568,2023-11-19,9,49656.0,11532694.98,55.76,Yes,0.95,1
615,Drought,India,19.97527524829757,78.00455152430942,2023-07-12,7,33514.0,7279586.44,48.28,Yes,0.4,1
616,Drought,India,19.97527524829757,78.00455152430942,2023-07-12,7,33514.0,7279586.44,48.28,Yes,0.4,1
617,Volcanic Eruption,Turkey,39.40097663210773,37.00682207789722,2023-12-23,8,46284.0,13435921.49,60.96,No,0.92,1
618,Wildfire,Chile,-34.681671693977535,-71.81952860234237,2025-08-27,8,31104.0,2768213.39,5.12,Yes,0.59,1
619,Volcanic Eruption,Turkey,39.40097663210773,37.00682207789722,2023-12-23,8,46284.0,13435921.49,60.96,No,0.92,1
620,Wildfire,Indonesia,-2.4761398467185693,112.89464918920568,2023-11-19,9,49656.0,11532694.98,55.76,Yes,0.95,1
621,Volcanic Eruption,Turkey,39.40097663210773,37.00682207789722,2023-12-23,8,46284.0,13435921.49,60.96,No,0.92,1
622,Drought,India,19.97527524829757,78.00455152430942,2023-07-12,7,33514.0,7279586.44,48.28,Yes,0.4,1
623,Drought,Chile,-33.43625277687632,-69.98461473097,2024-02-08,8,31191.0,1827703.09,65.56,Yes,0.94,1
624,Hurricane,India,22.12856945830581,78.0239512281301,2023-05-29,5,29340.0,5996226.87,44.43,No,0.26,0
625,Wildfire,Indonesia,-2.4761398467185693,112.89464918920568,2023-11-19,9,49656.0,11532694.98,55.76,Yes,0.95,1
626,Hurricane,Turkey,41.04868323467885,34.17446709265299,2025-10-24,4,8039.0,2296849.96,43.52,No,0.53,0
627,Hurricane,India,22.12856945830581,78.0239512281301,2023-05-29,5,29340.0,,44.43,No,0.26,0
628,Drought,India,19.97527524829757,78.00455152430942,2023-07-12,7,33514.0,7279586.44,48.28,Yes,0.4,1
629,Flood,Indonesia,-2.4761398467185693,112.89464918920568,2023-11-19,9,49656.0,11532694.98,55.76,Yes,0.95,1
630,Volcanic Eruption,Italy,42.31605780312948,11.031446996113845,2023-01-15,7,34804.0,9222541.48,49.3,No,0.94,1
631,Drought,Chile,-33.43625277687632,-69.98461473097,2024-02-08,8,31191.0,1827703.09,65.56,Yes,0.94,1
632,Drought,Chile,-33.43625277687632,-69.98461473097,2024-02-08,8,31191.0,1827703.09,65.56,Yes,0.94,1
633,Drought,USA,34.12535150628218,-96.17059503247803,2025-04-03,4,20776.0,5232644.17,64.62,Yes,0.64,0
634,Volcanic Eruption,Italy,42.31605780312948,11.031446996113845,2023-01-15,7,34804.0,9222541.48,49.3,No,0.94,1
635,Drought,USA,34.12535150628218,-96.17059503247803,2025-04-03,4,20776.0,5232644.17,64.62,Yes,0.64,0
636,Wildfire,Indonesia,-2.4761398467185693,112.89464918920568,2023-11-19,9,49656.0,11532694.98,55.76,Yes,0.95,1
637,Hurricane,Turkey,41.04868323467885,34.17446709265299,2025-10-24,4,8039.0,,43.52,No,0.53,0
638,Drought,India,19.97527524829757,78.00455152430942,2023-07-12,7,33514.0,7279586.44,48.28,Yes,0.4,1
639,Drought,USA,34.12535150628218,-96.17059503247803,2025-04-03,4,20776.0,5232644.17,64.62,Yes,0.64,0
640,Wildfire,Chile,-34.681671693977535,-71.81952860234237,2025-08-27,8,31104.0,2768213.39,5.12,Yes,0.59,1
641,Drought,India,19.97527524829757,78.00455152430942,2023-07-12,7,33514.0,7279586.44,48.28,Yes,0.4,1
642,Wildfire,Chile,-34.681671693977535,-71.81952860234237,2025-08-27,8,31104.0,2768213.39,5.12,Yes,0.59,1
643,Hurricane,India,22.12856945830581,78.0239512281301,2023-05-29,5,29340.0,5996226.87,44.43,No,0.26,0
644,Drought,Chile,-33.43625277687632,-69.98461473097,2024-02-08,8,31191.0,1827703.09,65.56,Yes,0.94,1
645,Wildfire,Indonesia,-2.4761398467185693,112.89464918920568,2023-11-19,9,49656.0,11532694.98,55.76,Yes,0.95,1
646,Drought,Australia,34.12535150628218,-96.17059503247803,2025-04-03,4,20776.0,5232644.17,64.62,Yes,0.64,0
647,Hurricane,India,22.12856945830581,78.0239512281301,2023-05-29,5,29340.0,5996226.87,44.43,No,0.26,0
648,Drought,USA,34.12535150628218,-96.17059503247803,2025-04-03,4,20776.0,5232644.17,64.62,Yes,0.64,0
649,Wildfire,Indonesia,-2.4761398467185693,112.89464918920568,2023-11-19,9,49656.0,11532694.98,55.76,Yes,0.95,1
650,Wildfire,Chile,-34.681671693977535,-71.81952860234237,2025-08-27,8,31104.0,2768213.39,5.12,Yes,0.59,1
651,Earthquake,USA,34.12535150628218,-96.17059503247803,2025-04-03,4,20776.0,5232644.17,64.62,Yes,0.64,0
652,Wildfire,Indonesia,-2.4761398467185693,112.89464918920568,2023-11-19,9,49656.0,11532694.98,55.76,Yes,0.95,1
653,Volcanic Eruption,Japan,37.140389506526304,139.72514470133854,2023-05-16,7,34713.0,6272056.18,31.36,Yes,1.0,1
654,Heatwave,Japan,37.140389506526304,139.72514470133854,2023-05-16,7,34713.0,6272056.18,31.36,Yes,1.0,1
655,Drought,USA,34.12535150628218,-96.17059503247803,2025-04-03,4,20776.0,5232644.17,64.62,Yes,0.64,0
656,Drought,USA,34.12535150628218,-96.17059503247803,2025-04-03,4,20776.0,5232644.17,64.62,Yes,0.64,0
657,Wildfire,Chile,-34.681671693977535,-71.81952860234237,2025-08-27,8,31104.0,2768213.39,5.12,Yes,0.59,1
658,Wildfire,Indonesia,-2.4761398467185693,112.89464918920568,2023-11-19,9,49656.0,11532694.98,55.76,Yes,0.95,1
659,Volcanic Eruption,Turkey,39.40097663210773,37.00682207789722,2023-12-23,8,46284.0,13435921.49,60.96,No,0.92,1
660,Hurricane,Turkey,41.04868323467885,34.17446709265299,2025-10-24,4,8039.0,2296849.96,43.52,No,0.53,0
661,Drought,India,19.97527524829757,78.00455152430942,2023-07-12,7,33514.0,,48.28,Yes,0.4,1
662,Flood,Chile,-33.43625277687632,-69.98461473097,2024-02-08,8,31191.0,1827703.09,65.56,Yes,0.94,1
663,Hurricane,India,22.12856945830581,78.0239512281301,2023-05-29,5,29340.0,5996226.87,44.43,No,0.26,0
664,Hurricane,India,22.12856945830581,78.0239512281301,2023-05-29,5,29340.0,5996226.87,44.43,No,0.26,0
665,Wildfire,Chile,-34.681671693977535,-71.81952860234237,2025-08-27,8,31104.0,2768213.39,5.12,Yes,0.59,1
666,Drought,France,34.12535150628218,-96.17059503247803,2025-04-03,4,20776.0,5232644.17,64.62,Yes,0.64,0
667,Wildfire,Indonesia,-2.4761398467185693,112.89464918920568,2023-11-19,9,49656.0,11532694.98,55.76,Yes,0.95,1
668,Volcanic Eruption,Turkey,39.40097663210773,37.00682207789722,2023-12-23,8,46284.0,13435921.49,60.96,No,0.92,1
669,Wildfire,Chile,-34.681671693977535,-71.81952860234237,2025-08-27,8,31104.0,2768213.39,5.12,Yes,0.59,1
670,Drought,USA,34.12535150628218,-96.17059503247803,2025-04-03,4,20776.0,5232644.17,64.62,Yes,0.64,0
671,Wildfire,Indonesia,-2.4761398467185693,112.89464918920568,2023-11-19,9,49656.0,11532694.98,55.76,Yes,0.95,1
672,Volcanic Eruption,Turkey,39.40097663210773,37.00682207789722,2023-12-23,8,46284.0,13435921.49,60.96,No,0.92,1
673,Drought,Chile,-33.43625277687632,-69.98461473097,2024-02-08,8,31191.0,1827703.09,65.56,Yes,0.94,1
674,Drought,India,19.97527524829757,78.00455152430942,2023-07-12,7,33514.0,7279586.44,48.28,Yes,0.4,1
675,Drought,USA,34.12535150628218,-96.17059503247803,2025-04-03,4,20776.0,5232644.17,64.62,Yes,0.64,0
676,Drought,India,19.97527524829757,78.00455152430942,2023-07-12,7,33514.0,7279586.44,48.28,Yes,0.4,1
677,Drought,Chile,-33.43625277687632,-69.98461473097,2024-02-08,8,31191.0,1827703.09,65.56,Yes,0.94,1
678,Volcanic Eruption,Japan,37.140389506526304,139.72514470133854,2023-05-16,7,34713.0,6272056.18,31.36,Yes,1.0,1
679,Hurricane,Germany,22.12856945830581,78.0239512281301,2023-05-29,5,29340.0,,44.43,No,0.26,0
680,Wildfire,Indonesia,-2.4761398467185693,112.89464918920568,2023-11-19,9,49656.0,11532694.98,55.76,Yes,0.95,1
681,Drought,Chile,-33.43625277687632,-69.98461473097,2024-02-08,8,31191.0,1827703.09,65.56,Yes,0.94,1
682,Volcanic Eruption,Japan,37.140389506526304,139.72514470133854,2023-05-16,7,34713.0,6272056.18,31.36,Yes,1.0,1
683,Wildfire,Chile,-34.681671693977535,-71.81952860234237,2025-08-27,8,31104.0,2768213.39,5.12,Yes,0.59,1
684,Drought,India,19.97527524829757,78.00455152430942,2023-07-12,7,33514.0,7279586.44,48.28,Yes,0.4,1
685,Volcanic Eruption,Turkey,39.40097663210773,37.00682207789722,2023-12-23,8,46284.0,13435921.49,60.96,No,0.92,1
686,Volcanic Eruption,Italy,42.31605780312948,11.031446996113845,2023-01-15,7,34804.0,9222541.48,,No,0.94,1
687,Volcanic Eruption,Turkey,39.40097663210773,37.00682207789722,2023-12-23,8,46284.0,13435921.49,60.96,No,0.92,1
688,Volcanic Eruption,Australia,42.31605780312948,11.031446996113845,2023-01-15,7,34804.0,9222541.48,49.3,No,0.94,1
689,Volcanic Eruption,Japan,37.140389506526304,139.72514470133854,2023-05-16,7,34713.0,6272056.18,31.36,Yes,1.0,1
690,Wildfire,Chile,-34.681671693977535,-71.81952860234237,2025-08-27,8,31104.0,2768213.39,5.12,Yes,0.59,1
691,Hurricane,Turkey,41.04868323467885,34.17446709265299,2025-10-24,4,8039.0,2296849.96,43.52,No,0.53,0
692,Earthquake,Turkey,39.40097663210773,37.00682207789722,2023-12-23,8,46284.0,13435921.49,60.96,No,0.92,1
693,Drought,India,19.97527524829757,78.00455152430942,2023-07-12,7,33514.0,7279586.44,,Yes,0.4,1
694,Drought,India,19.97527524829757,78.00455152430942,2023-07-12,7,33514.0,7279586.44,48.28,Yes,0.4,1
695,Drought,India,19.97527524829757,78.00455152430942,2023-07-12,7,33514.0,7279586.44,48.28,Yes,0.4,1
696,Volcanic Eruption,Turkey,39.40097663210773,37.00682207789722,2023-12-23,8,46284.0,13435921.49,60.96,No,0.92,1
697,Volcanic Eruption,Italy,42.31605780312948,11.031446996113845,2023-01-15,7,34804.0,9222541.48,49.3,No,0.94,1
698,Volcanic Eruption,Turkey,39.40097663210773,37.00682207789722,2023-12-23,8,46284.0,13435921.49,60.96,No,0.92,1
699,Drought,India,19.97527524829757,78.00455152430942,2023-07-12,7,33514.0,7279586.44,48.28,Yes,0.4,1
700,Volcanic Eruption,Italy,42.31605780312948,11.031446996113845,2023-01-15,7,34804.0,9222541.48,49.3,No,0.94,1
701,Hurricane,India,22.12856945830581,78.0239512281301,2023-05-29,5,29340.0,5996226.87,44.43,No,0.26,0
702,Drought,USA,34.12535150628218,-96.17059503247803,2025-04-03,4,20776.0,5232644.17,64.62,Yes,0.64,0
703,Volcanic Eruption,Japan,37.140389506526304,139.72514470133854,2023-05-16,7,34713.0,6272056.18,31.36,Yes,1.0,1
704,Volcanic Eruption,Japan,37.140389506526304,139.72514470133854,2023-05-16,7,34713.0,6272056.18,31.36,Yes,1.0,1
705,Volcanic Eruption,Turkey,39.40097663210773,37.00682207789722,2023-12-23,8,46284.0,13435921.49,60.96,No,0.92,1
706,Volcanic Eruption,Italy,42.31605780312948,11.031446996113845,2023-01-15,7,34804.0,9222541.48,49.3,No,0.94,1
707,Volcanic Eruption,Italy,42.31605780312948,11.031446996113845,2023-01-15,7,34804.0,9222541.48,49.3,No,0.94,1
708,Drought,USA,34.12535150628218,-96.17059503247803,2025-04-03,4,20776.0,5232644.17,64.62,Yes,0.64,0
709,Wildfire,Australia,-34.681671693977535,-71.81952860234237,2025-08-27,8,31104.0,2768213.39,5.12,Yes,0.59,1
710,Wildfire,Indonesia,-2.4761398467185693,112.89464918920568,2023-11-19,9,49656.0,11532694.98,55.76,Yes,0.95,1
711,Drought,Chile,-33.43625277687632,-69.98461473097,2024-02-08,8,31191.0,1827703.09,65.56,Yes,0.94,1
712,Volcanic Eruption,Japan,37.140389506526304,139.72514470133854,2023-05-16,7,34713.0,6272056.18,31.36,Yes,1.0,1
713,Hurricane,India,22.12856945830581,78.0239512281301,2023-05-29,5,29340.0,5996226.87,44.43,No,0.26,0
714,Drought,USA,34.12535150628218,-96.17059503247803,2025-04-03,4,20776.0,5232644.17,64.62,Yes,0.64,0
715,Drought,India,19.97527524829757,78.00455152430942,2023-07-12,7,33514.0,7279586.44,48.28,Yes,0.4,1
716,Wildfire,Chile,-34.681671693977535,-71.81952860234237,2025-08-27,8,31104.0,2768213.39,5.12,Yes,0.59,1
717,Volcanic Eruption,Japan,37.140389506526304,139.72514470133854,2023-05-16,7,34713.0,6272056.18,31.36,Yes,1.0,1
718,Hurricane,Turkey,41.04868323467885,34.17446709265299,2025-10-24,4,8039.0,2296849.96,43.52,No,0.53,0
719,Hurricane,Turkey,41.04868323467885,34.17446709265299,2025-10-24,4,8039.0,2296849.96,43.52,No,0.53,0
720,Hurricane,India,22.12856945830581,78.0239512281301,2023-05-29,5,29340.0,5996226.87,44.43,No,0.26,0
721,Hurricane,India,22.12856945830581,78.0239512281301,2023-05-29,5,29340.0,5996226.87,44.43,No,0.26,0
722,Drought,India,19.97527524829757,78.00455152430942,2023-07-12,7,33514.0,7279586.44,48.28,Yes,0.4,1
723,Wildfire,Indonesia,-2.4761398467185693,112.89464918920568,2023-11-19,9,49656.0,11532694.98,55.76,Yes,0.95,1
724,Flood,Chile,-33.43625277687632,-69.98461473097,2024-02-08,8,31191.0,1827703.09,65.56,Yes,0.94,1
725,Volcanic Eruption,Canada,37.140389506526304,139.72514470133854,2023-05-16,7,34713.0,6272056.18,31.36,Yes,1.0,1
726,Volcanic Eruption,Turkey,39.40097663210773,37.00682207789722,2023-12-23,8,46284.0,13435921.49,60.96,No,0.92,1
727,Wildfire,Indonesia,-2.4761398467185693,112.89464918920568,2023-11-19,9,49656.0,11532694.98,55.76,Yes,0.95,1
728,Hurricane,Turkey,41.04868323467885,34.17446709265299,2025-10-24,4,8039.0,2296849.96,43.52,No,0.53,0
729,Hurricane,Turkey,41.04868323467885,34.17446709265299,2025-10-24,4,8039.0,2296849.96,43.52,No,0.53,0
730,Hurricane,Turkey,41.04868323467885,34.17446709265299,2025-10-24,4,8039.0,2296849.96,,No,0.53,0
731,Hurricane,India,22.12856945830581,78.0239512281301,2023-05-29,5,29340.0,5996226.87,44.43,No,0.26,0
732,Wildfire,Chile,-34.681671693977535,-71.81952860234237,2025-08-27,8,31104.0,2768213.39,5.12,Yes,0.59,1
733,Wildfire,Chile,-34.681671693977535,-71.81952860234237,2025-08-27,8,31104.0,2768213.39,5.12,Yes,0.59,1
734,Wildfire,Chile,-34.681671693977535,-71.81952860234237,2025-08-27,8,31104.0,2768213.39,5.12,Yes,0.59,1
735,Drought,Australia,19.97527524829757,78.00455152430942,2023-07-12,7,33514.0,7279586.44,48.28,Yes,0.4,1
736,Volcanic Eruption,Turkey,39.40097663210773,37.00682207789722,2023-12-23,8,46284.0,13435921.49,60.96,No,0.92,1
737,Earthquake,USA,34.12535150628218,-96.17059503247803,2025-04-03,4,20776.0,5232644.17,64.62,Yes,0.64,0
738,Wildfire,Chile,-34.681671693977535,-71.81952860234237,2025-08-27,8,31104.0,,5.12,Yes,0.59,1
739,Hurricane,India,22.12856945830581,78.0239512281301,2023-05-29,5,29340.0,5996226.87,,No,0.26,0
740,Wildfire,Chile,-34.681671693977535,-71.81952860234237,2025-08-27,8,31104.0,2768213.39,5.12,Yes,0.59,1
741,Drought,USA,34.12535150628218,-96.17059503247803,2025-04-03,4,20776.0,,64.62,Yes,0.64,0
742,Volcanic Eruption,Turkey,39.40097663210773,37.00682207789722,2023-12-23,8,46284.0,13435921.49,60.96,No,0.92,1
743,Drought,USA,34.12535150628218,-96.17059503247803,2025-04-03,4,20776.0,5232644.17,64.62,Yes,0.64,0
744,Wildfire,Chile,-34.681671693977535,-71.81952860234237,2025-08-27,8,31104.0,2768213.39,5.12,Yes,0.59,1
745,Wildfire,Indonesia,-2.4761398467185693,112.89464918920568,2023-11-19,9,49656.0,11532694.98,55.76,Yes,0.95,1
746,Drought,USA,34.12535150628218,-96.17059503247803,2025-04-03,4,20776.0,5232644.17,64.62,Yes,0.64,0
747,Volcanic Eruption,Italy,42.31605780312948,11.031446996113845,2023-01-15,7,34804.0,9222541.48,49.3,No,0.94,1
748,Hurricane,India,22.12856945830581,78.0239512281301,2023-05-29,5,29340.0,5996226.87,44.43,No,0.26,0
749,Drought,Chile,-33.43625277687632,-69.98461473097,2024-02-08,8,31191.0,1827703.09,65.56,Yes,0.94,1
750,Wildfire,Chile,-34.681671693977535,-71.81952860234237,2025-08-27,8,31104.0,2768213.39,5.12,Yes,0.59,1
751,Volcanic Eruption,Italy,42.31605780312948,11.031446996113845,2023-01-15,7,34804.0,9222541.48,49.3,No,0.94,1
752,Volcanic Eruption,Japan,37.140389506526304,139.72514470133854,2023-05-16,7,34713.0,6272056.18,31.36,Yes,1.0,1
753,Hurricane,Turkey,41.04868323467885,34.17446709265299,2025-10-24,4,8039.0,2296849.96,43.52,No,0.53,0
754,Drought,Chile,-33.43625277687632,-69.98461473097,2024-02-08,8,31191.0,1827703.09,65.56,Yes,0.94,1
755,Volcanic Eruption,Turkey,39.40097663210773,37.00682207789722,2023-12-23,8,46284.0,13435921.49,60.96,No,0.92,1
756,Volcanic Eruption,Turkey,39.40097663210773,37.00682207789722,2023-12-23,8,46284.0,13435921.49,60.96,No,0.92,1
757,Hurricane,Turkey,41.04868323467885,34.17446709265299,2025-10-24,4,8039.0,2296849.96,43.52,No,0.53,0
758,Volcanic Eruption,Turkey,39.40097663210773,37.00682207789722,2023-12-23,8,46284.0,13435921.49,60.96,No,0.92,1
759,Hurricane,India,22.12856945830581,78.0239512281301,2023-05-29,5,29340.0,5996226.87,44.43,No,0.26,0
760,Earthquake,Japan,37.140389506526304,139.72514470133854,2023-05-16,7,34713.0,6272056.18,31.36,Yes,1.0,1
761,Wildfire,Chile,-34.681671693977535,-71.81952860234237,2025-08-27,8,31104.0,2768213.39,5.12,Yes,0.59,1
762,Volcanic Eruption,Turkey,39.40097663210773,37.00682207789722,2023-12-23,8,46284.0,,60.96,No,0.92,1
763,Drought,USA,34.12535150628218,-96.17059503247803,2025-04-03,4,20776.0,5232644.17,64.62,Yes,0.64,0
764,Wildfire,Chile,-34.681671693977535,-71.81952860234237,2025-08-27,8,31104.0,2768213.39,5.12,Yes,0.59,1
765,Volcanic Eruption,Japan,37.140389506526304,139.72514470133854,2023-05-16,7,34713.0,6272056.18,31.36,Yes,1.0,1
766,Hurricane,Turkey,41.04868323467885,34.17446709265299,2025-10-24,4,8039.0,2296849.96,43.52,No,0.53,0
767,Wildfire,Chile,-34.681671693977535,-71.81952860234237,2025-08-27,8,31104.0,2768213.39,5.12,Yes,0.59,1
768,Hurricane,India,22.12856945830581,78.0239512281301,2023-05-29,5,29340.0,5996226.87,44.43,No,0.26,0
769,Wildfire,Indonesia,-2.4761398467185693,112.89464918920568,2023-11-19,9,49656.0,11532694.98,55.76,Yes,0.95,1
770,Wildfire,Indonesia,-2.4761398467185693,112.89464918920568,2023-11-19,9,49656.0,11532694.98,55.76,Yes,0.95,1
771,Drought,USA,34.12535150628218,-96.17059503247803,2025-04-03,4,20776.0,5232644.17,64.62,Yes,0.64,0
772,Wildfire,Chile,-34.681671693977535,-71.81952860234237,2025-08-27,8,31104.0,2768213.39,5.12,Yes,0.59,1
773,Drought,Chile,-33.43625277687632,-69.98461473097,2024-02-08,8,31191.0,1827703.09,65.56,Yes,0.94,1
774,Volcanic Eruption,Italy,42.31605780312948,11.031446996113845,2023-01-15,7,34804.0,9222541.48,49.3,No,0.94,1
775,Drought,USA,34.12535150628218,-96.17059503247803,2025-04-03,4,20776.0,5232644.17,64.62,Yes,0.64,0
776,Wildfire,Chile,-34.681671693977535,-71.81952860234237,2025-08-27,8,31104.0,2768213.39,5.12,Yes,0.59,1
777,Wildfire,Indonesia,-2.4761398467185693,112.89464918920568,2023-11-19,9,49656.0,11532694.98,55.76,Yes,0.95,1
778,Wildfire,Chile,-34.681671693977535,-71.81952860234237,2025-08-27,8,31104.0,2768213.39,5.12,Yes,0.59,1
779,Volcanic Eruption,Germany,37.140389506526304,139.72514470133854,2023-05-16,7,34713.0,6272056.18,31.36,Yes,1.0,1
780,Hurricane,Turkey,41.04868323467885,34.17446709265299,2025-10-24,4,8039.0,2296849.96,43.52,No,0.53,0
781,Drought,India,19.97527524829757,78.00455152430942,2023-07-12,7,33514.0,7279586.44,48.28,Yes,0.4,1
782,Drought,USA,34.12535150628218,-96.17059503247803,2025-04-03,4,20776.0,5232644.17,64.62,Yes,0.64,0
783,Tsunami,Turkey,41.04868323467885,34.17446709265299,2025-10-24,4,8039.0,2296849.96,43.52,No,0.53,0
784,Hurricane,Turkey,41.04868323467885,34.17446709265299,2025-10-24,4,8039.0,2296849.96,43.52,No,0.53,0
785,Hurricane,India,22.12856945830581,78.0239512281301,2023-05-29,5,29340.0,5996226.87,44.43,No,0.26,0
786,Hurricane,India,22.12856945830581,78.0239512281301,2023-05-29,5,29340.0,5996226.87,44.43,No,0.26,0
787,Volcanic Eruption,Turkey,39.40097663210773,37.00682207789722,2023-12-23,8,46284.0,13435921.49,60.96,No,0.92,1
788,Drought,USA,34.12535150628218,-96.17059503247803,2025-04-03,4,20776.0,5232644.17,64.62,Yes,0.64,0
789,Drought,USA,34.12535150628218,-96.17059503247803,2025-04-03,4,20776.0,5232644.17,64.62,Yes,0.64,0
790,Wildfire,Chile,-34.681671693977535,-71.81952860234237,2025-08-27,8,31104.0,2768213.39,5.12,Yes,0.59,1
791,Hurricane,Brazil,41.04868323467885,34.17446709265299,2025-10-24,4,8039.0,2296849.96,43.52,No,0.53,0
792,Hurricane,Turkey,41.04868323467885,34.17446709265299,2025-10-24,4,8039.0,2296849.96,43.52,No,0.53,0
793,Volcanic Eruption,Italy,42.31605780312948,11.031446996113845,2023-01-15,7,34804.0,9222541.48,49.3,No,0.94,1
794,Wildfire,Indonesia,-2.4761398467185693,112.89464918920568,2023-11-19,9,49656.0,11532694.98,55.76,Yes,0.95,1
795,Volcanic Eruption,Italy,42.31605780312948,11.031446996113845,2023-01-15,7,34804.0,9222541.48,49.3,No,0.94,1
796,Drought,USA,34.12535150628218,-96.17059503247803,2025-04-03,4,,5232644.17,64.62,Yes,0.64,0
797,Volcanic Eruption,Turkey,39.40097663210773,37.00682207789722,2023-12-23,8,46284.0,13435921.49,60.96,No,0.92,1
798,Earthquake,Chile,-34.681671693977535,-71.81952860234237,2025-08-27,8,31104.0,2768213.39,5.12,Yes,0.59,1
799,Drought,USA,34.12535150628218,-96.17059503247803,2025-04-03,4,20776.0,5232644.17,64.62,Yes,0.64,0
800,Volcanic Eruption,Japan,37.140389506526304,139.72514470133854,2023-05-16,7,34713.0,6272056.18,31.36,Yes,1.0,1
801,Drought,Chile,-33.43625277687632,-69.98461473097,2024-02-08,8,31191.0,1827703.09,65.56,Yes,0.94,1
802,Wildfire,Chile,-34.681671693977535,-71.81952860234237,2025-08-27,8,31104.0,2768213.39,5.12,Yes,0.59,1
803,Drought,India,19.97527524829757,78.00455152430942,2023-07-12,7,33514.0,7279586.44,48.28,Yes,0.4,1
804,Volcanic Eruption,Italy,42.31605780312948,11.031446996113845,2023-01-15,7,34804.0,9222541.48,49.3,No,0.94,1
805,Drought,USA,34.12535150628218,-96.17059503247803,2025-04-03,4,20776.0,5232644.17,64.62,Yes,0.64,0
806,Tsunami,India,22.12856945830581,78.0239512281301,2023-05-29,5,29340.0,5996226.87,44.43,No,0.26,0
807,Drought,Chile,-33.43625277687632,-69.98461473097,2024-02-08,8,31191.0,1827703.09,65.56,Yes,0.94,1
808,Volcanic Eruption,Italy,42.31605780312948,11.031446996113845,2023-01-15,7,34804.0,9222541.48,49.3,No,0.94,1
809,Drought,USA,34.12535150628218,-96.17059503247803,2025-04-03,4,20776.0,5232644.17,64.62,Yes,0.64,0
810,Drought,USA,34.12535150628218,-96.17059503247803,2025-04-03,4,20776.0,5232644.17,64.62,Yes,0.64,0
811,Hurricane,Turkey,41.04868323467885,34.17446709265299,2025-10-24,4,8039.0,2296849.96,43.52,No,0.53,0
812,Hurricane,India,22.12856945830581,78.0239512281301,2023-05-29,5,29340.0,,44.43,No,0.26,0
813,Drought,India,19.97527524829757,78.00455152430942,2023-07-12,7,33514.0,7279586.44,48.28,Yes,0.4,1
814,Drought,Brazil,34.12535150628218,-96.17059503247803,2025-04-03,4,20776.0,5232644.17,64.62,Yes,0.64,0
815,Drought,Chile,-33.43625277687632,-69.98461473097,2024-02-08,8,31191.0,1827703.09,65.56,Yes,0.94,1
816,Wildfire,Indonesia,-2.4761398467185693,112.89464918920568,2023-11-19,9,49656.0,11532694.98,55.76,Yes,0.95,1
817,Hurricane,India,22.12856945830581,78.0239512281301,2023-05-29,5,29340.0,5996226.87,44.43,No,0.26,0
818,Drought,Chile,-33.43625277687632,-69.98461473097,2024-02-08,8,31191.0,1827703.09,65.56,Yes,0.94,1
819,Drought,Chile,-33.43625277687632,-69.98461473097,2024-02-08,8,31191.0,1827703.09,65.56,Yes,0.94,1
820,Drought,India,19.97527524829757,78.00455152430942,2023-07-12,7,33514.0,7279586.44,48.28,Yes,0.4,1
821,Volcanic Eruption,Japan,37.140389506526304,139.72514470133854,2023-05-16,7,34713.0,6272056.18,31.36,Yes,1.0,1
822,Volcanic Eruption,Japan,37.140389506526304,139.72514470133854,2023-05-16,7,34713.0,6272056.18,31.36,Yes,1.0,1
823,Hurricane,Turkey,41.04868323467885,34.17446709265299,2025-10-24,4,8039.0,2296849.96,43.52,No,0.53,0
824,Drought,Chile,-33.43625277687632,-69.98461473097,2024-02-08,8,31191.0,1827703.09,65.56,Yes,0.94,1
825,Drought,India,19.97527524829757,78.00455152430942,2023-07-12,7,33514.0,7279586.44,48.28,Yes,0.4,1
826,Volcanic Eruption,Turkey,39.40097663210773,37.00682207789722,2023-12-23,8,46284.0,13435921.49,60.96,No,0.92,1
827,Hurricane,Turkey,41.04868323467885,34.17446709265299,2025-10-24,4,8039.0,2296849.96,43.52,No,0.53,0
828,Wildfire,Indonesia,-2.4761398467185693,112.89464918920568,2023-11-19,9,49656.0,11532694.98,55.76,Yes,0.95,1
829,Drought,USA,34.12535150628218,-96.17059503247803,2025-04-03,4,20776.0,5232644.17,64.62,Yes,0.64,0
830,Volcanic Eruption,Japan,37.140389506526304,139.72514470133854,2023-05-16,7,34713.0,6272056.18,31.36,Yes,1.0,1
831,Hurricane,India,22.12856945830581,78.0239512281301,2023-05-29,5,29340.0,5996226.87,44.43,No,0.26,0
832,Hurricane,Turkey,41.04868323467885,34.17446709265299,2025-10-24,4,8039.0,2296849.96,43.52,No,0.53,0
833,Hurricane,India,22.12856945830581,78.0239512281301,2023-05-29,5,29340.0,5996226.87,44.43,No,0.26,0
834,Drought,Chile,-33.43625277687632,-69.98461473097,2024-02-08,8,31191.0,1827703.09,65.56,Yes,0.94,1
835,Wildfire,Indonesia,-2.4761398467185693,112.89464918920568,2023-11-19,9,49656.0,11532694.98,55.76,Yes,0.95,1
836,Drought,India,19.97527524829757,78.00455152430942,2023-07-12,7,33514.0,7279586.44,48.28,Yes,0.4,1
837,Heatwave,Brazil,37.140389506526304,139.72514470133854,2023-05-16,7,34713.0,6272056.18,31.36,Yes,1.0,1
838,Hurricane,Turkey,41.04868323467885,34.17446709265299,2025-10-24,4,8039.0,2296849.96,43.52,No,0.53,0
839,Drought,Chile,-33.43625277687632,-69.98461473097,2024-02-08,8,31191.0,1827703.09,65.56,Yes,0.94,1
840,Earthquake,Chile,-34.681671693977535,-71.81952860234237,2025-08-27,8,31104.0,2768213.39,5.12,Yes,0.59,1
841,Volcanic Eruption,Japan,37.140389506526304,139.72514470133854,2023-05-16,7,34713.0,6272056.18,31.36,Yes,1.0,1
842,Hurricane,Turkey,41.04868323467885,34.17446709265299,2025-10-24,4,8039.0,2296849.96,43.52,No,0.53,0
843,Drought,India,19.97527524829757,78.00455152430942,2023-07-12,7,33514.0,7279586.44,48.28,Yes,0.4,1
844,Wildfire,Chile,-34.681671693977535,-71.81952860234237,2025-08-27,8,31104.0,2768213.39,5.12,Yes,0.59,1
845,Tsunami,Japan,37.140389506526304,139.72514470133854,2023-05-16,7,34713.0,6272056.18,31.36,Yes,1.0,1
846,Drought,Chile,-33.43625277687632,-69.98461473097,2024-02-08,8,31191.0,1827703.09,65.56,Yes,0.94,1
847,Drought,Chile,-33.43625277687632,-69.98461473097,2024-02-08,8,31191.0,1827703.09,65.56,Yes,0.94,1
848,Volcanic Eruption,Italy,42.31605780312948,11.031446996113845,2023-01-15,7,34804.0,9222541.48,49.3,No,0.94,1
849,Hurricane,India,22.12856945830581,78.0239512281301,2023-05-29,5,29340.0,5996226.87,44.43,No,0.26,0
850,Wildfire,Chile,-34.681671693977535,-71.81952860234237,2025-08-27,8,31104.0,2768213.39,5.12,Yes,0.59,1
851,Drought,India,19.97527524829757,78.00455152430942,2023-07-12,7,33514.0,7279586.44,48.28,Yes,0.4,1
852,Hurricane,Turkey,41.04868323467885,34.17446709265299,2025-10-24,4,8039.0,2296849.96,43.52,No,0.53,0
853,Hurricane,Turkey,41.04868323467885,34.17446709265299,2025-10-24,4,8039.0,2296849.96,43.52,No,0.53,0
854,Hurricane,India,22.12856945830581,78.0239512281301,2023-05-29,5,29340.0,5996226.87,44.43,No,0.26,0
855,Heatwave,USA,34.12535150628218,-96.17059503247803,2025-04-03,4,20776.0,5232644.17,64.62,Yes,0.64,0
856,Drought,India,19.97527524829757,78.00455152430942,2023-07-12,7,33514.0,7279586.44,,Yes,0.4,1
857,Volcanic Eruption,Italy,42.31605780312948,11.031446996113845,2023-01-15,7,34804.0,9222541.48,49.3,No,0.94,1
858,Drought,USA,34.12535150628218,-96.17059503247803,2025-04-03,4,20776.0,5232644.17,,Yes,0.64,0
859,Hurricane,India,22.12856945830581,78.0239512281301,2023-05-29,5,29340.0,5996226.87,44.43,No,0.26,0
860,Volcanic Eruption,Italy,42.31605780312948,11.031446996113845,2023-01-15,7,34804.0,,49.3,No,0.94,1
861,Wildfire,Indonesia,-2.4761398467185693,112.89464918920568,2023-11-19,9,,11532694.98,55.76,Yes,0.95,1
862,Wildfire,Indonesia,-2.4761398467185693,112.89464918920568,2023-11-19,9,49656.0,11532694.98,55.76,Yes,0.95,1
863,Hurricane,India,22.12856945830581,78.0239512281301,2023-05-29,5,29340.0,5996226.87,44.43,No,0.26,0
864,Hurricane,India,22.12856945830581,78.0239512281301,2023-05-29,5,29340.0,5996226.87,44.43,No,0.26,0
865,Wildfire,Chile,-34.681671693977535,-71.81952860234237,2025-08-27,8,31104.0,2768213.39,5.12,Yes,0.59,1
866,Drought,USA,34.12535150628218,-96.17059503247803,2025-04-03,4,20776.0,5232644.17,64.62,Yes,0.64,0
867,Heatwave,Chile,-34.681671693977535,-71.81952860234237,2025-08-27,8,31104.0,2768213.39,5.12,Yes,0.59,1
868,Hurricane,Turkey,41.04868323467885,34.17446709265299,2025-10-24,4,8039.0,2296849.96,43.52,No,0.53,0
869,Volcanic Eruption,Japan,37.140389506526304,139.72514470133854,2023-05-16,7,34713.0,6272056.18,31.36,Yes,1.0,1
870,Volcanic Eruption,Italy,42.31605780312948,11.031446996113845,2023-01-15,7,34804.0,9222541.48,49.3,No,0.94,1
871,Wildfire,Indonesia,-2.4761398467185693,112.89464918920568,2023-11-19,9,49656.0,11532694.98,,Yes,0.95,1
872,Hurricane,India,22.12856945830581,78.0239512281301,2023-05-29,5,29340.0,5996226.87,44.43,No,0.26,0
873,Volcanic Eruption,Turkey,39.40097663210773,37.00682207789722,2023-12-23,8,46284.0,13435921.49,60.96,No,0.92,1
874,Drought,Chile,-33.43625277687632,-69.98461473097,2024-02-08,8,31191.0,1827703.09,65.56,Yes,0.94,1
875,Drought,Brazil,-33.43625277687632,-69.98461473097,2024-02-08,8,31191.0,1827703.09,65.56,Yes,0.94,1
876,Hurricane,Brazil,22.12856945830581,78.0239512281301,2023-05-29,5,29340.0,5996226.87,44.43,No,0.26,0
877,Volcanic Eruption,Australia,39.40097663210773,37.00682207789722,2023-12-23,8,46284.0,13435921.49,60.96,No,0.92,1
878,Drought,India,19.97527524829757,78.00455152430942,2023-07-12,7,33514.0,7279586.44,48.28,Yes,0.4,1
879,Drought,Chile,-33.43625277687632,-69.98461473097,2024-02-08,8,31191.0,1827703.09,65.56,Yes,0.94,1
880,Wildfire,Chile,-34.681671693977535,-71.81952860234237,2025-08-27,8,31104.0,2768213.39,5.12,Yes,0.59,1
881,Volcanic Eruption,Japan,37.140389506526304,139.72514470133854,2023-05-16,7,34713.0,6272056.18,31.36,Yes,1.0,1
882,Volcanic Eruption,Japan,37.140389506526304,139.72514470133854,2023-05-16,7,34713.0,6272056.18,31.36,Yes,1.0,1
883,Volcanic Eruption,Turkey,39.40097663210773,37.00682207789722,2023-12-23,8,46284.0,13435921.49,60.96,No,0.92,1
884,Volcanic Eruption,Japan,37.140389506526304,139.72514470133854,2023-05-16,7,34713.0,,31.36,Yes,1.0,1
885,Drought,India,19.97527524829757,78.00455152430942,2023-07-12,7,33514.0,7279586.44,48.28,Yes,0.4,1
886,Wildfire,Chile,-34.681671693977535,-71.81952860234237,2025-08-27,8,31104.0,2768213.39,5.12,Yes,0.59,1
887,Hurricane,France,41.04868323467885,34.17446709265299,2025-10-24,4,8039.0,2296849.96,43.52,No,0.53,0
888,Earthquake,Indonesia,-2.4761398467185693,112.89464918920568,2023-11-19,9,49656.0,11532694.98,55.76,Yes,0.95,1
889,Hurricane,Turkey,41.04868323467885,34.17446709265299,2025-10-24,4,8039.0,2296849.96,43.52,No,0.53,0
890,Hurricane,Turkey,41.04868323467885,34.17446709265299,2025-10-24,4,8039.0,2296849.96,43.52,No,0.53,0
891,Hurricane,Turkey,41.04868323467885,34.17446709265299,2025-10-24,4,8039.0,2296849.96,43.52,No,0.53,0
892,Wildfire,Indonesia,-2.4761398467185693,112.89464918920568,2023-11-19,9,49656.0,11532694.98,55.76,Yes,0.95,1
893,Volcanic Eruption,Japan,37.140389506526304,139.72514470133854,2023-05-16,7,34713.0,6272056.18,31.36,Yes,1.0,1
894,Volcanic Eruption,Italy,42.31605780312948,11.031446996113845,2023-01-15,7,34804.0,9222541.48,49.3,No,0.94,1
895,Drought,Chile,-33.43625277687632,-69.98461473097,2024-02-08,8,31191.0,1827703.09,65.56,Yes,0.94,1
896,Drought,USA,34.12535150628218,-96.17059503247803,2025-04-03,4,20776.0,5232644.17,64.62,Yes,0.64,0
897,Hurricane,Turkey,41.04868323467885,34.17446709265299,2025-10-24,4,8039.0,2296849.96,43.52,No,0.53,0
898,Drought,USA,34.12535150628218,-96.17059503247803,2025-04-03,4,20776.0,5232644.17,64.62,Yes,0.64,0
899,Hurricane,Turkey,41.04868323467885,34.17446709265299,2025-10-24,4,8039.0,2296849.96,43.52,No,0.53,0
900,Drought,Chile,-33.43625277687632,-69.98461473097,2024-02-08,8,31191.0,,65.56,Yes,0.94,1
901,Volcanic Eruption,Turkey,39.40097663210773,37.00682207789722,2023-12-23,8,46284.0,13435921.49,60.96,No,0.92,1
902,Drought,USA,34.12535150628218,-96.17059503247803,2025-04-03,4,20776.0,5232644.17,64.62,Yes,0.64,0
903,Volcanic Eruption,Italy,42.31605780312948,11.031446996113845,2023-01-15,7,34804.0,9222541.48,49.3,No,0.94,1
904,Volcanic Eruption,Italy,42.31605780312948,11.031446996113845,2023-01-15,7,34804.0,9222541.48,49.3,No,0.94,1
905,Hurricane,Turkey,41.04868323467885,34.17446709265299,2025-10-24,4,8039.0,2296849.96,43.52,No,0.53,0
906,Hurricane,India,22.12856945830581,78.0239512281301,2023-05-29,5,29340.0,5996226.87,44.43,No,0.26,0
907,Wildfire,Chile,-34.681671693977535,-71.81952860234237,2025-08-27,8,31104.0,2768213.39,5.12,Yes,0.59,1
908,Wildfire,Chile,-34.681671693977535,-71.81952860234237,2025-08-27,8,31104.0,2768213.39,5.12,Yes,0.59,1
909,Drought,Chile,-33.43625277687632,-69.98461473097,2024-02-08,8,31191.0,1827703.09,65.56,Yes,0.94,1
910,Wildfire,Indonesia,-2.4761398467185693,112.89464918920568,2023-11-19,9,49656.0,11532694.98,55.76,Yes,0.95,1
911,Drought,India,19.97527524829757,78.00455152430942,2023-07-12,7,33514.0,7279586.44,48.28,Yes,0.4,1
912,Drought,Chile,-33.43625277687632,-69.98461473097,2024-02-08,8,31191.0,1827703.09,65.56,Yes,0.94,1
913,Volcanic Eruption,Japan,37.140389506526304,139.72514470133854,2023-05-16,7,34713.0,6272056.18,31.36,Yes,1.0,1
914,Hurricane,India,22.12856945830581,78.0239512281301,2023-05-29,5,29340.0,5996226.87,44.43,No,0.26,0
915,Drought,India,19.97527524829757,78.00455152430942,2023-07-12,7,33514.0,7279586.44,48.28,Yes,0.4,1
916,Hurricane,Canada,22.12856945830581,78.0239512281301,2023-05-29,5,29340.0,5996226.87,44.43,No,0.26,0
917,Wildfire,Indonesia,-2.4761398467185693,112.89464918920568,2023-11-19,9,49656.0,11532694.98,55.76,Yes,0.95,1
918,Drought,Chile,-33.43625277687632,-69.98461473097,2024-02-08,8,31191.0,1827703.09,65.56,Yes,0.94,1
919,Drought,USA,34.12535150628218,-96.17059503247803,2025-04-03,4,20776.0,5232644.17,64.62,Yes,0.64,0
920,Drought,USA,34.12535150628218,-96.17059503247803,2025-04-03,4,20776.0,5232644.17,64.62,Yes,0.64,0
921,Tsunami,Indonesia,-2.4761398467185693,112.89464918920568,2023-11-19,9,49656.0,11532694.98,55.76,Yes,0.95,1
922,Volcanic Eruption,Italy,42.31605780312948,11.031446996113845,2023-01-15,7,34804.0,9222541.48,49.3,No,0.94,1
923,Wildfire,Chile,-34.681671693977535,-71.81952860234237,2025-08-27,8,31104.0,2768213.39,5.12,Yes,0.59,1
924,Wildfire,Canada,-2.4761398467185693,112.89464918920568,2023-11-19,9,49656.0,11532694.98,55.76,Yes,0.95,1
925,Wildfire,Indonesia,-2.4761398467185693,112.89464918920568,2023-11-19,9,49656.0,11532694.98,,Yes,0.95,1
926,Wildfire,Indonesia,-2.4761398467185693,112.89464918920568,2023-11-19,9,49656.0,11532694.98,55.76,Yes,0.95,1
927,Wildfire,Chile,-34.681671693977535,-71.81952860234237,2025-08-27,8,31104.0,2768213.39,5.12,Yes,0.59,1
928,Wildfire,Germany,-34.681671693977535,-71.81952860234237,2025-08-27,8,31104.0,2768213.39,5.12,Yes,0.59,1
929,Volcanic Eruption,Italy,42.31605780312948,11.031446996113845,2023-01-15,7,34804.0,9222541.48,49.3,No,0.94,1
930,Drought,Chile,-33.43625277687632,-69.98461473097,2024-02-08,8,31191.0,1827703.09,65.56,Yes,0.94,1
931,Flood,Chile,-34.681671693977535,-71.81952860234237,2025-08-27,8,31104.0,2768213.39,5.12,Yes,0.59,1
932,Hurricane,India,22.12856945830581,78.0239512281301,2023-05-29,5,29340.0,5996226.87,44.43,No,0.26,0
933,Volcanic Eruption,Japan,37.140389506526304,139.72514470133854,2023-05-16,7,34713.0,6272056.18,31.36,Yes,1.0,1
934,Hurricane,Turkey,41.04868323467885,34.17446709265299,2025-10-24,4,8039.0,2296849.96,43.52,No,0.53,0
935,Earthquake,Chile,-34.681671693977535,-71.81952860234237,2025-08-27,8,31104.0,2768213.39,5.12,Yes,0.59,1
936,Heatwave,USA,34.12535150628218,-96.17059503247803,2025-04-03,4,20776.0,5232644.17,64.62,Yes,0.64,0
937,Volcanic Eruption,Italy,42.31605780312948,11.031446996113845,2023-01-15,7,34804.0,9222541.48,49.3,No,0.94,1
938,Volcanic Eruption,Turkey,39.40097663210773,37.00682207789722,2023-12-23,8,46284.0,13435921.49,60.96,No,0.92,1
939,Wildfire,Indonesia,-2.4761398467185693,112.89464918920568,2023-11-19,9,,,55.76,Yes,0.95,1
940,Wildfire,Indonesia,-2.4761398467185693,112.89464918920568,2023-11-19,9,49656.0,11532694.98,55.76,Yes,0.95,1
941,Hurricane,Turkey,41.04868323467885,34.17446709265299,2025-10-24,4,8039.0,2296849.96,43.52,No,0.53,0
942,Drought,India,19.97527524829757,78.00455152430942,2023-07-12,7,33514.0,7279586.44,48.28,Yes,0.4,1
943,Earthquake,Chile,-33.43625277687632,-69.98461473097,2024-02-08,8,31191.0,1827703.09,65.56,Yes,0.94,1
944,Wildfire,Chile,-34.681671693977535,-71.81952860234237,2025-08-27,8,31104.0,2768213.39,5.12,Yes,0.59,1
945,Drought,Chile,-33.43625277687632,-69.98461473097,2024-02-08,8,31191.0,1827703.09,65.56,Yes,0.94,1
946,Drought,USA,34.12535150628218,-96.17059503247803,2025-04-03,4,20776.0,5232644.17,64.62,Yes,0.64,0
947,Hurricane,Turkey,41.04868323467885,34.17446709265299,2025-10-24,4,8039.0,2296849.96,43.52,No,0.53,0
948,Volcanic Eruption,Japan,37.140389506526304,139.72514470133854,2023-05-16,7,34713.0,6272056.18,31.36,Yes,1.0,1
949,Drought,USA,34.12535150628218,-96.17059503247803,2025-04-03,4,20776.0,5232644.17,64.62,Yes,0.64,0
950,Wildfire,Chile,-34.681671693977535,-71.81952860234237,2025-08-27,8,31104.0,2768213.39,5.12,Yes,0.59,1
951,Hurricane,Turkey,41.04868323467885,34.17446709265299,2025-10-24,4,8039.0,2296849.96,43.52,No,0.53,0
952,Drought,USA,34.12535150628218,-96.17059503247803,2025-04-03,4,20776.0,5232644.17,64.62,Yes,0.64,0
953,Tsunami,Japan,37.140389506526304,139.72514470133854,2023-05-16,7,34713.0,6272056.18,31.36,Yes,1.0,1
954,Drought,USA,34.12535150628218,-96.17059503247803,2025-04-03,4,20776.0,5232644.17,64.62,Yes,0.64,0
955,Volcanic Eruption,Italy,42.31605780312948,11.031446996113845,2023-01-15,7,34804.0,9222541.48,49.3,No,0.94,1
956,Hurricane,Turkey,41.04868323467885,34.17446709265299,2025-10-24,4,8039.0,2296849.96,43.52,No,0.53,0
957,Wildfire,Chile,-34.681671693977535,-71.81952860234237,2025-08-27,8,31104.0,2768213.39,5.12,Yes,0.59,1
958,Volcanic Eruption,Italy,42.31605780312948,11.031446996113845,2023-01-15,7,34804.0,9222541.48,49.3,No,0.94,1
959,Hurricane,Turkey,41.04868323467885,34.17446709265299,2025-10-24,4,8039.0,2296849.96,43.52,No,0.53,0
960,Drought,India,19.97527524829757,78.00455152430942,2023-07-12,7,33514.0,7279586.44,48.28,Yes,0.4,1
961,Volcanic Eruption,Japan,37.140389506526304,139.72514470133854,2023-05-16,7,34713.0,6272056.18,31.36,Yes,1.0,1
962,Wildfire,Chile,-34.681671693977535,-71.81952860234237,2025-08-27,8,31104.0,2768213.39,5.12,Yes,0.59,1
963,Drought,USA,34.12535150628218,-96.17059503247803,2025-04-03,4,20776.0,5232644.17,64.62,Yes,0.64,0
964,Volcanic Eruption,Japan,37.140389506526304,139.72514470133854,2023-05-16,7,34713.0,6272056.18,31.36,Yes,1.0,1
965,Drought,India,19.97527524829757,78.00455152430942,2023-07-12,7,33514.0,7279586.44,48.28,Yes,0.4,1
966,Wildfire,Indonesia,-2.4761398467185693,112.89464918920568,2023-11-19,9,49656.0,11532694.98,55.76,Yes,0.95,1
967,Volcanic Eruption,Italy,42.31605780312948,11.031446996113845,2023-01-15,7,34804.0,9222541.48,49.3,No,0.94,1
968,Tsunami,Chile,-33.43625277687632,-69.98461473097,2024-02-08,8,31191.0,1827703.09,65.56,Yes,0.94,1
969,Drought,Chile,-33.43625277687632,-69.98461473097,2024-02-08,8,31191.0,1827703.09,65.56,Yes,0.94,1
970,Hurricane,Turkey,41.04868323467885,34.17446709265299,2025-10-24,4,8039.0,2296849.96,43.52,No,0.53,0
971,Wildfire,Indonesia,-2.4761398467185693,112.89464918920568,2023-11-19,9,49656.0,11532694.98,55.76,Yes,0.95,1
972,Wildfire,Chile,-34.681671693977535,-71.81952860234237,2025-08-27,8,31104.0,2768213.39,5.12,Yes,0.59,1
973,Drought,USA,34.12535150628218,-96.17059503247803,2025-04-03,4,20776.0,5232644.17,64.62,Yes,0.64,0
974,Drought,USA,34.12535150628218,-96.17059503247803,2025-04-03,4,20776.0,,64.62,Yes,0.64,0
975,Hurricane,India,22.12856945830581,78.0239512281301,2023-05-29,5,29340.0,5996226.87,44.43,No,0.26,0
976,Volcanic Eruption,Turkey,39.40097663210773,37.00682207789722,2023-12-23,8,46284.0,13435921.49,60.96,No,0.92,1
977,Drought,Chile,-33.43625277687632,-69.98461473097,2024-02-08,8,31191.0,1827703.09,65.56,Yes,0.94,1
978,Volcanic Eruption,Japan,37.140389506526304,139.72514470133854,2023-05-16,7,34713.0,6272056.18,31.36,Yes,1.0,1
979,Volcanic Eruption,Japan,37.140389506526304,139.72514470133854,2023-05-16,7,34713.0,6272056.18,31.36,Yes,1.0,1
980,Volcanic Eruption,Turkey,39.40097663210773,37.00682207789722,2023-12-23,8,46284.0,13435921.49,60.96,No,0.92,1
981,Tsunami,USA,34.12535150628218,-96.17059503247803,2025-04-03,4,20776.0,5232644.17,64.62,Yes,0.64,0
982,Volcanic Eruption,Australia,42.31605780312948,11.031446996113845,2023-01-15,7,34804.0,9222541.48,49.3,No,0.94,1
983,Volcanic Eruption,Japan,37.140389506526304,139.72514470133854,2023-05-16,7,34713.0,6272056.18,31.36,Yes,1.0,1
984,Hurricane,Turkey,41.04868323467885,34.17446709265299,2025-10-24,4,,2296849.96,,No,0.53,0
985,Drought,India,19.97527524829757,78.00455152430942,2023-07-12,7,33514.0,7279586.44,48.28,Yes,0.4,1
986,Volcanic Eruption,Turkey,39.40097663210773,37.00682207789722,2023-12-23,8,46284.0,13435921.49,60.96,No,0.92,1
987,Wildfire,Indonesia,-2.4761398467185693,112.89464918920568,2023-11-19,9,49656.0,11532694.98,55.76,Yes,0.95,1
988,Volcanic Eruption,Italy,42.31605780312948,11.031446996113845,2023-01-15,7,34804.0,9222541.48,49.3,No,0.94,1
989,Volcanic Eruption,Turkey,39.40097663210773,37.00682207789722,2023-12-23,8,46284.0,13435921.49,60.96,No,0.92,1
990,Volcanic Eruption,Australia,42.31605780312948,11.031446996113845,2023-01-15,7,34804.0,9222541.48,49.3,No,0.94,1
991,Hurricane,Turkey,41.04868323467885,34.17446709265299,2025-10-24,4,8039.0,2296849.96,43.52,No,0.53,0
992,Drought,India,19.97527524829757,78.00455152430942,2023-07-12,7,33514.0,7279586.44,48.28,Yes,0.4,1
993,Drought,Chile,-33.43625277687632,-69.98461473097,2024-02-08,8,31191.0,1827703.09,65.56,Yes,0.94,1
994,Wildfire,Chile,-34.681671693977535,-71.81952860234237,2025-08-27,8,31104.0,2768213.39,5.12,Yes,0.59,1
995,Wildfire,Chile,-34.681671693977535,-71.81952860234237,2025-08-27,8,31104.0,2768213.39,5.12,Yes,0.59,1
996,Wildfire,Indonesia,-2.4761398467185693,112.89464918920568,2023-11-19,9,49656.0,11532694.98,55.76,Yes,0.95,1
997,Hurricane,Turkey,41.04868323467885,34.17446709265299,2025-10-24,4,8039.0,2296849.96,43.52,No,0.53,0
998,Drought,Chile,-33.43625277687632,-69.98461473097,2024-02-08,8,31191.0,1827703.09,65.56,Yes,0.94,1
999,Volcanic Eruption,Italy,42.31605780312948,11.031446996113845,2023-01-15,7,34804.0,9222541.48,49.3,No,0.94,1
1000,Hurricane,Turkey,41.04868323467885,34.17446709265299,2025-10-24,4,8039.0,2296849.96,43.52,No,0.53,0
